Datetime,Open
2023-12-11 09:30:00-05:00,193.218994140625
2023-12-11 09:31:00-05:00,193.14759826660156
2023-12-11 09:32:00-05:00,192.83999633789062
2023-12-11 09:33:00-05:00,192.6999969482422
2023-12-11 09:34:00-05:00,192.9199981689453
2023-12-11 09:35:00-05:00,192.72000122070312
2023-12-11 09:36:00-05:00,192.41000366210938
2023-12-11 09:37:00-05:00,192.72000122070312
2023-12-11 09:38:00-05:00,193.0030059814453
2023-12-11 09:39:00-05:00,193.13009643554688
2023-12-11 09:40:00-05:00,193.0800018310547
2023-12-11 09:41:00-05:00,193.00680541992188
2023-12-11 09:42:00-05:00,193.25999450683594
2023-12-11 09:43:00-05:00,193.1300048828125
2023-12-11 09:44:00-05:00,193.0500030517578
2023-12-11 09:45:00-05:00,192.91000366210938
2023-12-11 09:46:00-05:00,192.83999633789062
2023-12-11 09:47:00-05:00,192.72999572753906
2023-12-11 09:48:00-05:00,193.27999877929688
2023-12-11 09:49:00-05:00,193.125
2023-12-11 09:50:00-05:00,192.8699951171875
2023-12-11 09:51:00-05:00,193.00999450683594
2023-12-11 09:52:00-05:00,193.14999389648438
2023-12-11 09:53:00-05:00,192.97000122070312
2023-12-11 09:54:00-05:00,193.1999969482422
2023-12-11 09:55:00-05:00,193.00999450683594
2023-12-11 09:56:00-05:00,192.8699951171875
2023-12-11 09:57:00-05:00,192.7949981689453
2023-12-11 09:58:00-05:00,192.6750030517578
2023-12-11 09:59:00-05:00,192.6300048828125
2023-12-11 10:00:00-05:00,192.89999389648438
2023-12-11 10:01:00-05:00,192.9600067138672
2023-12-11 10:02:00-05:00,192.76499938964844
2023-12-11 10:03:00-05:00,192.61500549316406
2023-12-11 10:04:00-05:00,192.66000366210938
2023-12-11 10:05:00-05:00,192.6699981689453
2023-12-11 10:06:00-05:00,192.72500610351562
2023-12-11 10:07:00-05:00,192.67999267578125
2023-12-11 10:08:00-05:00,192.55999755859375
2023-12-11 10:09:00-05:00,192.39999389648438
2023-12-11 10:10:00-05:00,192.3699951171875
2023-12-11 10:11:00-05:00,192.2899932861328
2023-12-11 10:12:00-05:00,192.2100067138672
2023-12-11 10:13:00-05:00,192.25830078125
2023-12-11 10:14:00-05:00,192.22000122070312
2023-12-11 10:15:00-05:00,192.17999267578125
2023-12-11 10:16:00-05:00,192.0749969482422
2023-12-11 10:17:00-05:00,192.2899932861328
2023-12-11 10:18:00-05:00,192.3000946044922
2023-12-11 10:19:00-05:00,192.4113006591797
2023-12-11 10:20:00-05:00,192.30999755859375
2023-12-11 10:21:00-05:00,192.3957977294922
2023-12-11 10:22:00-05:00,192.31500244140625
2023-12-11 10:23:00-05:00,192.3000030517578
2023-12-11 10:24:00-05:00,192.36000061035156
2023-12-11 10:25:00-05:00,192.1280975341797
2023-12-11 10:26:00-05:00,192.16000366210938
2023-12-11 10:27:00-05:00,192.05499267578125
2023-12-11 10:28:00-05:00,192.2288055419922
2023-12-11 10:29:00-05:00,192.11000061035156
2023-12-11 10:30:00-05:00,192.1199951171875
2023-12-11 10:31:00-05:00,192.00999450683594
2023-12-11 10:32:00-05:00,191.99000549316406
2023-12-11 10:33:00-05:00,191.9600067138672
2023-12-11 10:34:00-05:00,192.1699981689453
2023-12-11 10:35:00-05:00,192.1374053955078
2023-12-11 10:36:00-05:00,192.07000732421875
2023-12-11 10:37:00-05:00,192.1300048828125
2023-12-11 10:38:00-05:00,192.12620544433594
2023-12-11 10:39:00-05:00,191.97999572753906
2023-12-11 10:40:00-05:00,191.99000549316406
2023-12-11 10:41:00-05:00,191.88499450683594
2023-12-11 10:42:00-05:00,191.75
2023-12-11 10:43:00-05:00,191.82000732421875
2023-12-11 10:44:00-05:00,191.9499969482422
2023-12-11 10:45:00-05:00,191.9199981689453
2023-12-11 10:46:00-05:00,192.14999389648438
2023-12-11 10:47:00-05:00,192.1300048828125
2023-12-11 10:48:00-05:00,192.25999450683594
2023-12-11 10:49:00-05:00,192.3489990234375
2023-12-11 10:50:00-05:00,192.2949981689453
2023-12-11 10:51:00-05:00,192.39999389648438
2023-12-11 10:52:00-05:00,192.38999938964844
2023-12-11 10:53:00-05:00,192.36500549316406
2023-12-11 10:54:00-05:00,192.2100067138672
2023-12-11 10:55:00-05:00,192.16000366210938
2023-12-11 10:56:00-05:00,192.1699981689453
2023-12-11 10:57:00-05:00,192.25999450683594
2023-12-11 10:58:00-05:00,192.22000122070312
2023-12-11 10:59:00-05:00,192.11000061035156
2023-12-11 11:00:00-05:00,191.96499633789062
2023-12-11 11:01:00-05:00,192.0500030517578
2023-12-11 11:02:00-05:00,192.00999450683594
2023-12-11 11:03:00-05:00,192.03860473632812
2023-12-11 11:04:00-05:00,192.10000610351562
2023-12-11 11:05:00-05:00,192.21499633789062
2023-12-11 11:06:00-05:00,192.0399932861328
2023-12-11 11:07:00-05:00,192.0399932861328
2023-12-11 11:08:00-05:00,192.07000732421875
2023-12-11 11:09:00-05:00,192.0
2023-12-11 11:10:00-05:00,191.8350067138672
2023-12-11 11:11:00-05:00,191.69000244140625
2023-12-11 11:12:00-05:00,191.8350067138672
2023-12-11 11:13:00-05:00,191.75999450683594
2023-12-11 11:14:00-05:00,191.63999938964844
2023-12-11 11:15:00-05:00,191.5800018310547
2023-12-11 11:16:00-05:00,191.64500427246094
2023-12-11 11:17:00-05:00,191.82000732421875
2023-12-11 11:18:00-05:00,191.6999969482422
2023-12-11 11:19:00-05:00,191.72000122070312
2023-12-11 11:20:00-05:00,191.72999572753906
2023-12-11 11:21:00-05:00,191.60000610351562
2023-12-11 11:22:00-05:00,191.4499969482422
2023-12-11 11:23:00-05:00,191.5601043701172
2023-12-11 11:24:00-05:00,191.72000122070312
2023-12-11 11:25:00-05:00,191.7050018310547
2023-12-11 11:26:00-05:00,191.77999877929688
2023-12-11 11:27:00-05:00,191.75140380859375
2023-12-11 11:28:00-05:00,191.8657989501953
2023-12-11 11:29:00-05:00,191.8249969482422
2023-12-11 11:30:00-05:00,191.80999755859375
2023-12-11 11:31:00-05:00,191.83999633789062
2023-12-11 11:32:00-05:00,191.6199951171875
2023-12-11 11:33:00-05:00,191.72999572753906
2023-12-11 11:34:00-05:00,191.54989624023438
2023-12-11 11:35:00-05:00,191.6199951171875
2023-12-11 11:36:00-05:00,191.57000732421875
2023-12-11 11:37:00-05:00,191.61000061035156
2023-12-11 11:38:00-05:00,191.7899932861328
2023-12-11 11:39:00-05:00,191.8905029296875
2023-12-11 11:40:00-05:00,191.8800048828125
2023-12-11 11:41:00-05:00,191.88499450683594
2023-12-11 11:42:00-05:00,191.85000610351562
2023-12-11 11:43:00-05:00,191.86000061035156
2023-12-11 11:44:00-05:00,191.92999267578125
2023-12-11 11:45:00-05:00,191.8800048828125
2023-12-11 11:46:00-05:00,191.8300018310547
2023-12-11 11:47:00-05:00,191.7899932861328
2023-12-11 11:48:00-05:00,191.8300018310547
2023-12-11 11:49:00-05:00,191.83999633789062
2023-12-11 11:50:00-05:00,191.8699951171875
2023-12-11 11:51:00-05:00,191.91000366210938
2023-12-11 11:52:00-05:00,191.86990356445312
2023-12-11 11:53:00-05:00,191.89999389648438
2023-12-11 11:54:00-05:00,191.92999267578125
2023-12-11 11:55:00-05:00,191.90570068359375
2023-12-11 11:56:00-05:00,191.94000244140625
2023-12-11 11:57:00-05:00,191.94000244140625
2023-12-11 11:58:00-05:00,191.9149932861328
2023-12-11 11:59:00-05:00,191.9199981689453
2023-12-11 12:00:00-05:00,191.97999572753906
2023-12-11 12:01:00-05:00,191.9499969482422
2023-12-11 12:02:00-05:00,191.97999572753906
2023-12-11 12:03:00-05:00,192.16749572753906
2023-12-11 12:04:00-05:00,192.1999969482422
2023-12-11 12:05:00-05:00,192.17999267578125
2023-12-11 12:06:00-05:00,192.1981964111328
2023-12-11 12:07:00-05:00,192.27099609375
2023-12-11 12:08:00-05:00,192.33999633789062
2023-12-11 12:09:00-05:00,192.3000030517578
2023-12-11 12:10:00-05:00,192.24000549316406
2023-12-11 12:11:00-05:00,192.22000122070312
2023-12-11 12:12:00-05:00,192.1699981689453
2023-12-11 12:13:00-05:00,192.2100067138672
2023-12-11 12:14:00-05:00,192.22000122070312
2023-12-11 12:15:00-05:00,192.1999969482422
2023-12-11 12:16:00-05:00,192.1699981689453
2023-12-11 12:17:00-05:00,192.0850067138672
2023-12-11 12:18:00-05:00,192.13720703125
2023-12-11 12:19:00-05:00,192.10499572753906
2023-12-11 12:20:00-05:00,192.125
2023-12-11 12:21:00-05:00,192.19000244140625
2023-12-11 12:22:00-05:00,192.24000549316406
2023-12-11 12:23:00-05:00,192.21499633789062
2023-12-11 12:24:00-05:00,192.2449951171875
2023-12-11 12:25:00-05:00,192.1699981689453
2023-12-11 12:26:00-05:00,192.10000610351562
2023-12-11 12:27:00-05:00,192.0449981689453
2023-12-11 12:28:00-05:00,192.13369750976562
2023-12-11 12:29:00-05:00,192.07659912109375
2023-12-11 12:30:00-05:00,192.10989379882812
2023-12-11 12:31:00-05:00,192.10499572753906
2023-12-11 12:32:00-05:00,192.13999938964844
2023-12-11 12:33:00-05:00,192.19500732421875
2023-12-11 12:34:00-05:00,192.19500732421875
2023-12-11 12:35:00-05:00,192.16810607910156
2023-12-11 12:36:00-05:00,192.1699981689453
2023-12-11 12:37:00-05:00,192.1999969482422
2023-12-11 12:38:00-05:00,192.19500732421875
2023-12-11 12:39:00-05:00,192.19000244140625
2023-12-11 12:40:00-05:00,192.2449951171875
2023-12-11 12:41:00-05:00,192.2689971923828
2023-12-11 12:42:00-05:00,192.25
2023-12-11 12:43:00-05:00,192.27999877929688
2023-12-11 12:44:00-05:00,192.25999450683594
2023-12-11 12:45:00-05:00,192.25
2023-12-11 12:46:00-05:00,192.22000122070312
2023-12-11 12:47:00-05:00,192.27000427246094
2023-12-11 12:48:00-05:00,192.25
2023-12-11 12:49:00-05:00,192.22999572753906
2023-12-11 12:50:00-05:00,192.32699584960938
2023-12-11 12:51:00-05:00,192.32000732421875
2023-12-11 12:52:00-05:00,192.22999572753906
2023-12-11 12:53:00-05:00,192.27999877929688
2023-12-11 12:54:00-05:00,192.25
2023-12-11 12:55:00-05:00,192.22000122070312
2023-12-11 12:56:00-05:00,192.2200927734375
2023-12-11 12:57:00-05:00,192.1999969482422
2023-12-11 12:58:00-05:00,192.1750030517578
2023-12-11 12:59:00-05:00,192.2449951171875
2023-12-11 13:00:00-05:00,192.22000122070312
2023-12-11 13:01:00-05:00,192.27000427246094
2023-12-11 13:02:00-05:00,192.1699981689453
2023-12-11 13:03:00-05:00,192.30999755859375
2023-12-11 13:04:00-05:00,192.4199981689453
2023-12-11 13:05:00-05:00,192.4600067138672
2023-12-11 13:06:00-05:00,192.41400146484375
2023-12-11 13:07:00-05:00,192.38999938964844
2023-12-11 13:08:00-05:00,192.4199981689453
2023-12-11 13:09:00-05:00,192.4550018310547
2023-12-11 13:10:00-05:00,192.38999938964844
2023-12-11 13:11:00-05:00,192.40499877929688
2023-12-11 13:12:00-05:00,192.39999389648438
2023-12-11 13:13:00-05:00,192.4550018310547
2023-12-11 13:14:00-05:00,192.47000122070312
2023-12-11 13:15:00-05:00,192.3697052001953
2023-12-11 13:16:00-05:00,192.38999938964844
2023-12-11 13:17:00-05:00,192.47999572753906
2023-12-11 13:18:00-05:00,192.48500061035156
2023-12-11 13:19:00-05:00,192.52499389648438
2023-12-11 13:20:00-05:00,192.5010986328125
2023-12-11 13:21:00-05:00,192.55999755859375
2023-12-11 13:22:00-05:00,192.533203125
2023-12-11 13:23:00-05:00,192.47300720214844
2023-12-11 13:24:00-05:00,192.52000427246094
2023-12-11 13:25:00-05:00,192.5050048828125
2023-12-11 13:26:00-05:00,192.48500061035156
2023-12-11 13:27:00-05:00,192.53280639648438
2023-12-11 13:28:00-05:00,192.47999572753906
2023-12-11 13:29:00-05:00,192.4499969482422
2023-12-11 13:30:00-05:00,192.47000122070312
2023-12-11 13:31:00-05:00,192.5050048828125
2023-12-11 13:32:00-05:00,192.52000427246094
2023-12-11 13:33:00-05:00,192.5749969482422
2023-12-11 13:34:00-05:00,192.61000061035156
2023-12-11 13:35:00-05:00,192.58999633789062
2023-12-11 13:36:00-05:00,192.61000061035156
2023-12-11 13:37:00-05:00,192.60220336914062
2023-12-11 13:38:00-05:00,192.65499877929688
2023-12-11 13:39:00-05:00,192.63999938964844
2023-12-11 13:40:00-05:00,192.63999938964844
2023-12-11 13:41:00-05:00,192.72000122070312
2023-12-11 13:42:00-05:00,192.73500061035156
2023-12-11 13:43:00-05:00,192.72109985351562
2023-12-11 13:44:00-05:00,192.66000366210938
2023-12-11 13:45:00-05:00,192.67990112304688
2023-12-11 13:46:00-05:00,192.66000366210938
2023-12-11 13:47:00-05:00,192.67759704589844
2023-12-11 13:48:00-05:00,192.6999969482422
2023-12-11 13:49:00-05:00,192.77000427246094
2023-12-11 13:50:00-05:00,192.77499389648438
2023-12-11 13:51:00-05:00,192.75999450683594
2023-12-11 13:52:00-05:00,192.77000427246094
2023-12-11 13:53:00-05:00,192.7100067138672
2023-12-11 13:54:00-05:00,192.69000244140625
2023-12-11 13:55:00-05:00,192.68899536132812
2023-12-11 13:56:00-05:00,192.74000549316406
2023-12-11 13:57:00-05:00,192.75999450683594
2023-12-11 13:58:00-05:00,192.773193359375
2023-12-11 13:59:00-05:00,192.77499389648438
2023-12-11 14:00:00-05:00,192.78799438476562
2023-12-11 14:01:00-05:00,192.8300018310547
2023-12-11 14:02:00-05:00,192.83999633789062
2023-12-11 14:03:00-05:00,192.89500427246094
2023-12-11 14:04:00-05:00,192.88499450683594
2023-12-11 14:05:00-05:00,192.8800048828125
2023-12-11 14:06:00-05:00,192.94140625
2023-12-11 14:07:00-05:00,192.89999389648438
2023-12-11 14:08:00-05:00,192.92999267578125
2023-12-11 14:09:00-05:00,192.88999938964844
2023-12-11 14:10:00-05:00,192.89990234375
2023-12-11 14:11:00-05:00,192.9199981689453
2023-12-11 14:12:00-05:00,192.87989807128906
2023-12-11 14:13:00-05:00,192.86000061035156
2023-12-11 14:14:00-05:00,192.90499877929688
2023-12-11 14:15:00-05:00,192.84500122070312
2023-12-11 14:16:00-05:00,192.82000732421875
2023-12-11 14:17:00-05:00,192.72999572753906
2023-12-11 14:18:00-05:00,192.72999572753906
2023-12-11 14:19:00-05:00,192.72999572753906
2023-12-11 14:20:00-05:00,192.71499633789062
2023-12-11 14:21:00-05:00,192.77000427246094
2023-12-11 14:22:00-05:00,192.80999755859375
2023-12-11 14:23:00-05:00,192.8249969482422
2023-12-11 14:24:00-05:00,192.79100036621094
2023-12-11 14:25:00-05:00,192.78500366210938
2023-12-11 14:26:00-05:00,192.82000732421875
2023-12-11 14:27:00-05:00,192.80209350585938
2023-12-11 14:28:00-05:00,192.8000030517578
2023-12-11 14:29:00-05:00,192.75999450683594
2023-12-11 14:30:00-05:00,192.7949981689453
2023-12-11 14:31:00-05:00,192.82000732421875
2023-12-11 14:32:00-05:00,192.77999877929688
2023-12-11 14:33:00-05:00,192.84500122070312
2023-12-11 14:34:00-05:00,192.8350067138672
2023-12-11 14:35:00-05:00,192.7949981689453
2023-12-11 14:36:00-05:00,192.7949981689453
2023-12-11 14:37:00-05:00,192.8699951171875
2023-12-11 14:38:00-05:00,192.875
2023-12-11 14:39:00-05:00,192.875
2023-12-11 14:40:00-05:00,192.94009399414062
2023-12-11 14:41:00-05:00,192.8699951171875
2023-12-11 14:42:00-05:00,192.9199981689453
2023-12-11 14:43:00-05:00,192.94000244140625
2023-12-11 14:44:00-05:00,192.94500732421875
2023-12-11 14:45:00-05:00,192.97500610351562
2023-12-11 14:46:00-05:00,192.9550018310547
2023-12-11 14:47:00-05:00,192.97000122070312
2023-12-11 14:48:00-05:00,192.97000122070312
2023-12-11 14:49:00-05:00,192.98500061035156
2023-12-11 14:50:00-05:00,192.94000244140625
2023-12-11 14:51:00-05:00,192.97000122070312
2023-12-11 14:52:00-05:00,192.90499877929688
2023-12-11 14:53:00-05:00,192.83999633789062
2023-12-11 14:54:00-05:00,192.84500122070312
2023-12-11 14:55:00-05:00,192.88999938964844
2023-12-11 14:56:00-05:00,192.8699951171875
2023-12-11 14:57:00-05:00,192.86500549316406
2023-12-11 14:58:00-05:00,192.89190673828125
2023-12-11 14:59:00-05:00,192.88499450683594
2023-12-11 15:00:00-05:00,192.89999389648438
2023-12-11 15:01:00-05:00,192.82989501953125
2023-12-11 15:02:00-05:00,192.82000732421875
2023-12-11 15:03:00-05:00,192.80999755859375
2023-12-11 15:04:00-05:00,192.80999755859375
2023-12-11 15:05:00-05:00,192.78500366210938
2023-12-11 15:06:00-05:00,192.82000732421875
2023-12-11 15:07:00-05:00,192.8249969482422
2023-12-11 15:08:00-05:00,192.92010498046875
2023-12-11 15:09:00-05:00,192.9600067138672
2023-12-11 15:10:00-05:00,192.9499969482422
2023-12-11 15:11:00-05:00,192.96009826660156
2023-12-11 15:12:00-05:00,192.91000366210938
2023-12-11 15:13:00-05:00,192.7899932861328
2023-12-11 15:14:00-05:00,192.8300018310547
2023-12-11 15:15:00-05:00,192.8800048828125
2023-12-11 15:16:00-05:00,192.94000244140625
2023-12-11 15:17:00-05:00,193.0449981689453
2023-12-11 15:18:00-05:00,193.11000061035156
2023-12-11 15:19:00-05:00,193.08140563964844
2023-12-11 15:20:00-05:00,193.0399932861328
2023-12-11 15:21:00-05:00,192.9600067138672
2023-12-11 15:22:00-05:00,192.88999938964844
2023-12-11 15:23:00-05:00,192.86000061035156
2023-12-11 15:24:00-05:00,192.91000366210938
2023-12-11 15:25:00-05:00,192.9499969482422
2023-12-11 15:26:00-05:00,193.0500030517578
2023-12-11 15:27:00-05:00,193.0399932861328
2023-12-11 15:28:00-05:00,192.96499633789062
2023-12-11 15:29:00-05:00,192.89999389648438
2023-12-11 15:30:00-05:00,192.8699951171875
2023-12-11 15:31:00-05:00,192.9250030517578
2023-12-11 15:32:00-05:00,192.9600067138672
2023-12-11 15:33:00-05:00,192.9600067138672
2023-12-11 15:34:00-05:00,192.92999267578125
2023-12-11 15:35:00-05:00,192.89999389648438
2023-12-11 15:36:00-05:00,192.94500732421875
2023-12-11 15:37:00-05:00,192.91000366210938
2023-12-11 15:38:00-05:00,192.99009704589844
2023-12-11 15:39:00-05:00,193.01499938964844
2023-12-11 15:40:00-05:00,192.9949951171875
2023-12-11 15:41:00-05:00,193.0449981689453
2023-12-11 15:42:00-05:00,193.02000427246094
2023-12-11 15:43:00-05:00,193.01499938964844
2023-12-11 15:44:00-05:00,193.00999450683594
2023-12-11 15:45:00-05:00,192.98500061035156
2023-12-11 15:46:00-05:00,192.94000244140625
2023-12-11 15:47:00-05:00,193.02000427246094
2023-12-11 15:48:00-05:00,193.02499389648438
2023-12-11 15:49:00-05:00,193.02999877929688
2023-12-11 15:50:00-05:00,193.0500030517578
2023-12-11 15:51:00-05:00,193.08009338378906
2023-12-11 15:52:00-05:00,193.09710693359375
2023-12-11 15:53:00-05:00,193.0800018310547
2023-12-11 15:54:00-05:00,193.07000732421875
2023-12-11 15:55:00-05:00,193.0800018310547
2023-12-11 15:56:00-05:00,193.07000732421875
2023-12-11 15:57:00-05:00,193.13499450683594
2023-12-11 15:58:00-05:00,193.19500732421875
2023-12-11 15:59:00-05:00,193.22500610351562
2023-12-12 09:30:00-05:00,193.0800018310547
2023-12-12 09:31:00-05:00,192.9499969482422
2023-12-12 09:32:00-05:00,192.94000244140625
2023-12-12 09:33:00-05:00,192.82000732421875
2023-12-12 09:34:00-05:00,192.82000732421875
2023-12-12 09:35:00-05:00,192.5968017578125
2023-12-12 09:36:00-05:00,192.6699981689453
2023-12-12 09:37:00-05:00,192.47999572753906
2023-12-12 09:38:00-05:00,192.35000610351562
2023-12-12 09:39:00-05:00,192.33990478515625
2023-12-12 09:40:00-05:00,192.3000030517578
2023-12-12 09:41:00-05:00,192.26669311523438
2023-12-12 09:42:00-05:00,192.05499267578125
2023-12-12 09:43:00-05:00,192.2133026123047
2023-12-12 09:44:00-05:00,191.9600067138672
2023-12-12 09:45:00-05:00,191.93499755859375
2023-12-12 09:46:00-05:00,191.77000427246094
2023-12-12 09:47:00-05:00,191.9600067138672
2023-12-12 09:48:00-05:00,191.94000244140625
2023-12-12 09:49:00-05:00,191.7899932861328
2023-12-12 09:50:00-05:00,191.97000122070312
2023-12-12 09:51:00-05:00,192.10499572753906
2023-12-12 09:52:00-05:00,192.22999572753906
2023-12-12 09:53:00-05:00,192.1300048828125
2023-12-12 09:54:00-05:00,191.9949951171875
2023-12-12 09:55:00-05:00,192.1746063232422
2023-12-12 09:56:00-05:00,192.24000549316406
2023-12-12 09:57:00-05:00,192.3350067138672
2023-12-12 09:58:00-05:00,192.32000732421875
2023-12-12 09:59:00-05:00,192.3000946044922
2023-12-12 10:00:00-05:00,192.41859436035156
2023-12-12 10:01:00-05:00,192.30999755859375
2023-12-12 10:02:00-05:00,192.5
2023-12-12 10:03:00-05:00,192.39500427246094
2023-12-12 10:04:00-05:00,192.53570556640625
2023-12-12 10:05:00-05:00,192.6300048828125
2023-12-12 10:06:00-05:00,192.72000122070312
2023-12-12 10:07:00-05:00,192.75
2023-12-12 10:08:00-05:00,192.60499572753906
2023-12-12 10:09:00-05:00,192.53990173339844
2023-12-12 10:10:00-05:00,192.5500030517578
2023-12-12 10:11:00-05:00,192.61000061035156
2023-12-12 10:12:00-05:00,192.78199768066406
2023-12-12 10:13:00-05:00,192.69000244140625
2023-12-12 10:14:00-05:00,192.69000244140625
2023-12-12 10:15:00-05:00,192.8000030517578
2023-12-12 10:16:00-05:00,192.7899932861328
2023-12-12 10:17:00-05:00,192.8800048828125
2023-12-12 10:18:00-05:00,192.81500244140625
2023-12-12 10:19:00-05:00,192.99000549316406
2023-12-12 10:20:00-05:00,193.0
2023-12-12 10:21:00-05:00,192.9600067138672
2023-12-12 10:22:00-05:00,192.9600067138672
2023-12-12 10:23:00-05:00,192.9600067138672
2023-12-12 10:24:00-05:00,192.8800048828125
2023-12-12 10:25:00-05:00,192.98500061035156
2023-12-12 10:26:00-05:00,193.00999450683594
2023-12-12 10:27:00-05:00,192.99000549316406
2023-12-12 10:28:00-05:00,192.94000244140625
2023-12-12 10:29:00-05:00,192.9199981689453
2023-12-12 10:30:00-05:00,192.83999633789062
2023-12-12 10:31:00-05:00,192.83999633789062
2023-12-12 10:32:00-05:00,192.75999450683594
2023-12-12 10:33:00-05:00,192.8636016845703
2023-12-12 10:34:00-05:00,192.89500427246094
2023-12-12 10:35:00-05:00,192.9600067138672
2023-12-12 10:36:00-05:00,193.02999877929688
2023-12-12 10:37:00-05:00,193.15989685058594
2023-12-12 10:38:00-05:00,193.19000244140625
2023-12-12 10:39:00-05:00,193.19500732421875
2023-12-12 10:40:00-05:00,193.25
2023-12-12 10:41:00-05:00,193.3300018310547
2023-12-12 10:42:00-05:00,193.28500366210938
2023-12-12 10:43:00-05:00,193.37820434570312
2023-12-12 10:44:00-05:00,193.31500244140625
2023-12-12 10:45:00-05:00,193.3000030517578
2023-12-12 10:46:00-05:00,193.25
2023-12-12 10:47:00-05:00,193.23500061035156
2023-12-12 10:48:00-05:00,193.2050018310547
2023-12-12 10:49:00-05:00,193.17999267578125
2023-12-12 10:50:00-05:00,193.19119262695312
2023-12-12 10:51:00-05:00,193.27000427246094
2023-12-12 10:52:00-05:00,193.11500549316406
2023-12-12 10:53:00-05:00,193.125
2023-12-12 10:54:00-05:00,193.0850067138672
2023-12-12 10:55:00-05:00,193.0408935546875
2023-12-12 10:56:00-05:00,193.10000610351562
2023-12-12 10:57:00-05:00,193.05999755859375
2023-12-12 10:58:00-05:00,193.00999450683594
2023-12-12 10:59:00-05:00,193.22999572753906
2023-12-12 11:00:00-05:00,193.2100067138672
2023-12-12 11:01:00-05:00,193.1999969482422
2023-12-12 11:02:00-05:00,193.18670654296875
2023-12-12 11:03:00-05:00,193.2449951171875
2023-12-12 11:04:00-05:00,193.3350067138672
2023-12-12 11:05:00-05:00,193.3000030517578
2023-12-12 11:06:00-05:00,193.3350067138672
2023-12-12 11:07:00-05:00,193.35499572753906
2023-12-12 11:08:00-05:00,193.30999755859375
2023-12-12 11:09:00-05:00,193.22999572753906
2023-12-12 11:10:00-05:00,193.14999389648438
2023-12-12 11:11:00-05:00,193.25
2023-12-12 11:12:00-05:00,193.26499938964844
2023-12-12 11:13:00-05:00,193.27000427246094
2023-12-12 11:14:00-05:00,193.27999877929688
2023-12-12 11:15:00-05:00,193.3300018310547
2023-12-12 11:16:00-05:00,193.302001953125
2023-12-12 11:17:00-05:00,193.27000427246094
2023-12-12 11:18:00-05:00,193.25999450683594
2023-12-12 11:20:00-05:00,193.2899932861328
2023-12-12 11:21:00-05:00,193.28500366210938
2023-12-12 11:22:00-05:00,193.2949981689453
2023-12-12 11:23:00-05:00,193.4499969482422
2023-12-12 11:24:00-05:00,193.52999877929688
2023-12-12 11:25:00-05:00,193.61289978027344
2023-12-12 11:26:00-05:00,193.49989318847656
2023-12-12 11:27:00-05:00,193.35000610351562
2023-12-12 11:28:00-05:00,193.3300018310547
2023-12-12 11:29:00-05:00,193.27000427246094
2023-12-12 11:30:00-05:00,193.25
2023-12-12 11:31:00-05:00,193.35499572753906
2023-12-12 11:32:00-05:00,193.32000732421875
2023-12-12 11:33:00-05:00,193.27000427246094
2023-12-12 11:34:00-05:00,193.32000732421875
2023-12-12 11:35:00-05:00,193.3000030517578
2023-12-12 11:36:00-05:00,193.1999969482422
2023-12-12 11:37:00-05:00,193.25
2023-12-12 11:38:00-05:00,193.24000549316406
2023-12-12 11:39:00-05:00,193.22999572753906
2023-12-12 11:40:00-05:00,193.24000549316406
2023-12-12 11:41:00-05:00,193.3300018310547
2023-12-12 11:42:00-05:00,193.3249969482422
2023-12-12 11:43:00-05:00,193.2700958251953
2023-12-12 11:44:00-05:00,193.25
2023-12-12 11:45:00-05:00,193.24000549316406
2023-12-12 11:46:00-05:00,193.36000061035156
2023-12-12 11:47:00-05:00,193.30499267578125
2023-12-12 11:48:00-05:00,193.27999877929688
2023-12-12 11:49:00-05:00,193.375
2023-12-12 11:50:00-05:00,193.36000061035156
2023-12-12 11:51:00-05:00,193.2949981689453
2023-12-12 11:52:00-05:00,193.29710388183594
2023-12-12 11:53:00-05:00,193.2899932861328
2023-12-12 11:54:00-05:00,193.22999572753906
2023-12-12 11:55:00-05:00,193.32130432128906
2023-12-12 11:56:00-05:00,193.3300018310547
2023-12-12 11:57:00-05:00,193.3300018310547
2023-12-12 11:58:00-05:00,193.2899932861328
2023-12-12 11:59:00-05:00,193.36500549316406
2023-12-12 12:00:00-05:00,193.43499755859375
2023-12-12 12:01:00-05:00,193.4199981689453
2023-12-12 12:02:00-05:00,193.3699951171875
2023-12-12 12:03:00-05:00,193.3800048828125
2023-12-12 12:04:00-05:00,193.4149932861328
2023-12-12 12:05:00-05:00,193.3699951171875
2023-12-12 12:06:00-05:00,193.23500061035156
2023-12-12 12:07:00-05:00,193.22349548339844
2023-12-12 12:08:00-05:00,193.2100067138672
2023-12-12 12:09:00-05:00,193.2100067138672
2023-12-12 12:10:00-05:00,193.17999267578125
2023-12-12 12:11:00-05:00,193.11000061035156
2023-12-12 12:12:00-05:00,193.11000061035156
2023-12-12 12:13:00-05:00,193.14500427246094
2023-12-12 12:14:00-05:00,193.19500732421875
2023-12-12 12:15:00-05:00,193.22000122070312
2023-12-12 12:16:00-05:00,193.2899932861328
2023-12-12 12:17:00-05:00,193.23590087890625
2023-12-12 12:18:00-05:00,193.27000427246094
2023-12-12 12:19:00-05:00,193.31500244140625
2023-12-12 12:20:00-05:00,193.27999877929688
2023-12-12 12:21:00-05:00,193.36000061035156
2023-12-12 12:22:00-05:00,193.3300018310547
2023-12-12 12:23:00-05:00,193.36000061035156
2023-12-12 12:24:00-05:00,193.33999633789062
2023-12-12 12:25:00-05:00,193.3699951171875
2023-12-12 12:26:00-05:00,193.3675994873047
2023-12-12 12:27:00-05:00,193.35000610351562
2023-12-12 12:28:00-05:00,193.42999267578125
2023-12-12 12:29:00-05:00,193.46499633789062
2023-12-12 12:30:00-05:00,193.47999572753906
2023-12-12 12:31:00-05:00,193.4783935546875
2023-12-12 12:32:00-05:00,193.44500732421875
2023-12-12 12:33:00-05:00,193.47500610351562
2023-12-12 12:34:00-05:00,193.47500610351562
2023-12-12 12:35:00-05:00,193.4199981689453
2023-12-12 12:36:00-05:00,193.4550018310547
2023-12-12 12:37:00-05:00,193.49000549316406
2023-12-12 12:38:00-05:00,193.42999267578125
2023-12-12 12:39:00-05:00,193.4600067138672
2023-12-12 12:40:00-05:00,193.47999572753906
2023-12-12 12:41:00-05:00,193.4149932861328
2023-12-12 12:42:00-05:00,193.35499572753906
2023-12-12 12:43:00-05:00,193.36990356445312
2023-12-12 12:44:00-05:00,193.37049865722656
2023-12-12 12:45:00-05:00,193.35499572753906
2023-12-12 12:46:00-05:00,193.3800048828125
2023-12-12 12:47:00-05:00,193.3802947998047
2023-12-12 12:48:00-05:00,193.38499450683594
2023-12-12 12:49:00-05:00,193.36000061035156
2023-12-12 12:50:00-05:00,193.28500366210938
2023-12-12 12:51:00-05:00,193.32000732421875
2023-12-12 12:52:00-05:00,193.27000427246094
2023-12-12 12:53:00-05:00,193.35000610351562
2023-12-12 12:54:00-05:00,193.38999938964844
2023-12-12 12:55:00-05:00,193.40499877929688
2023-12-12 12:56:00-05:00,193.3800048828125
2023-12-12 12:57:00-05:00,193.35000610351562
2023-12-12 12:58:00-05:00,193.3699951171875
2023-12-12 12:59:00-05:00,193.40370178222656
2023-12-12 13:00:00-05:00,193.42999267578125
2023-12-12 13:01:00-05:00,193.44020080566406
2023-12-12 13:02:00-05:00,193.46299743652344
2023-12-12 13:03:00-05:00,193.57000732421875
2023-12-12 13:04:00-05:00,193.5749969482422
2023-12-12 13:05:00-05:00,193.52000427246094
2023-12-12 13:06:00-05:00,193.52499389648438
2023-12-12 13:07:00-05:00,193.5500030517578
2023-12-12 13:08:00-05:00,193.6009063720703
2023-12-12 13:09:00-05:00,193.72999572753906
2023-12-12 13:10:00-05:00,193.76499938964844
2023-12-12 13:11:00-05:00,193.75
2023-12-12 13:12:00-05:00,193.67999267578125
2023-12-12 13:13:00-05:00,193.70249938964844
2023-12-12 13:14:00-05:00,193.6300048828125
2023-12-12 13:15:00-05:00,193.6699981689453
2023-12-12 13:16:00-05:00,193.67999267578125
2023-12-12 13:17:00-05:00,193.6199951171875
2023-12-12 13:18:00-05:00,193.58990478515625
2023-12-12 13:19:00-05:00,193.61500549316406
2023-12-12 13:20:00-05:00,193.59500122070312
2023-12-12 13:21:00-05:00,193.52000427246094
2023-12-12 13:22:00-05:00,193.55999755859375
2023-12-12 13:23:00-05:00,193.57119750976562
2023-12-12 13:24:00-05:00,193.61000061035156
2023-12-12 13:25:00-05:00,193.58999633789062
2023-12-12 13:26:00-05:00,193.60000610351562
2023-12-12 13:27:00-05:00,193.6300048828125
2023-12-12 13:28:00-05:00,193.6125030517578
2023-12-12 13:29:00-05:00,193.71139526367188
2023-12-12 13:30:00-05:00,193.6699981689453
2023-12-12 13:31:00-05:00,193.67999267578125
2023-12-12 13:32:00-05:00,193.74000549316406
2023-12-12 13:33:00-05:00,193.74000549316406
2023-12-12 13:34:00-05:00,193.78500366210938
2023-12-12 13:35:00-05:00,193.7899932861328
2023-12-12 13:36:00-05:00,193.86500549316406
2023-12-12 13:37:00-05:00,193.9199981689453
2023-12-12 13:38:00-05:00,193.85000610351562
2023-12-12 13:39:00-05:00,193.85000610351562
2023-12-12 13:40:00-05:00,193.86000061035156
2023-12-12 13:41:00-05:00,193.8699951171875
2023-12-12 13:42:00-05:00,193.82000732421875
2023-12-12 13:43:00-05:00,193.78500366210938
2023-12-12 13:44:00-05:00,193.7700958251953
2023-12-12 13:45:00-05:00,193.75999450683594
2023-12-12 13:46:00-05:00,193.77999877929688
2023-12-12 13:47:00-05:00,193.80999755859375
2023-12-12 13:48:00-05:00,193.860107421875
2023-12-12 13:49:00-05:00,193.9199981689453
2023-12-12 13:50:00-05:00,193.92999267578125
2023-12-12 13:51:00-05:00,194.0399932861328
2023-12-12 13:52:00-05:00,194.06500244140625
2023-12-12 13:53:00-05:00,194.13999938964844
2023-12-12 13:54:00-05:00,194.0449981689453
2023-12-12 13:55:00-05:00,194.02999877929688
2023-12-12 13:56:00-05:00,194.00999450683594
2023-12-12 13:57:00-05:00,194.0
2023-12-12 13:58:00-05:00,194.02999877929688
2023-12-12 13:59:00-05:00,194.05999755859375
2023-12-12 14:00:00-05:00,194.06500244140625
2023-12-12 14:01:00-05:00,194.02000427246094
2023-12-12 14:02:00-05:00,194.07009887695312
2023-12-12 14:03:00-05:00,194.14999389648438
2023-12-12 14:04:00-05:00,194.18499755859375
2023-12-12 14:05:00-05:00,194.16000366210938
2023-12-12 14:06:00-05:00,194.1999969482422
2023-12-12 14:07:00-05:00,194.22999572753906
2023-12-12 14:08:00-05:00,194.17999267578125
2023-12-12 14:09:00-05:00,194.10220336914062
2023-12-12 14:10:00-05:00,194.1699981689453
2023-12-12 14:11:00-05:00,194.1699981689453
2023-12-12 14:12:00-05:00,194.1649932861328
2023-12-12 14:13:00-05:00,194.10499572753906
2023-12-12 14:14:00-05:00,194.13499450683594
2023-12-12 14:15:00-05:00,194.1490020751953
2023-12-12 14:16:00-05:00,194.22999572753906
2023-12-12 14:17:00-05:00,194.1999969482422
2023-12-12 14:18:00-05:00,194.26499938964844
2023-12-12 14:19:00-05:00,194.27999877929688
2023-12-12 14:20:00-05:00,194.27999877929688
2023-12-12 14:21:00-05:00,194.31500244140625
2023-12-12 14:22:00-05:00,194.22000122070312
2023-12-12 14:23:00-05:00,194.22000122070312
2023-12-12 14:24:00-05:00,194.24000549316406
2023-12-12 14:25:00-05:00,194.25999450683594
2023-12-12 14:26:00-05:00,194.27000427246094
2023-12-12 14:27:00-05:00,194.27000427246094
2023-12-12 14:28:00-05:00,194.22999572753906
2023-12-12 14:29:00-05:00,194.21299743652344
2023-12-12 14:30:00-05:00,194.22000122070312
2023-12-12 14:31:00-05:00,194.22000122070312
2023-12-12 14:32:00-05:00,194.20140075683594
2023-12-12 14:33:00-05:00,194.22999572753906
2023-12-12 14:34:00-05:00,194.22500610351562
2023-12-12 14:35:00-05:00,194.25999450683594
2023-12-12 14:36:00-05:00,194.3000030517578
2023-12-12 14:37:00-05:00,194.2899932861328
2023-12-12 14:38:00-05:00,194.3000030517578
2023-12-12 14:39:00-05:00,194.27000427246094
2023-12-12 14:40:00-05:00,194.26499938964844
2023-12-12 14:41:00-05:00,194.21389770507812
2023-12-12 14:42:00-05:00,194.2449951171875
2023-12-12 14:43:00-05:00,194.19000244140625
2023-12-12 14:44:00-05:00,194.14999389648438
2023-12-12 14:45:00-05:00,194.2100067138672
2023-12-12 14:46:00-05:00,194.24180603027344
2023-12-12 14:47:00-05:00,194.3260040283203
2023-12-12 14:48:00-05:00,194.2799072265625
2023-12-12 14:49:00-05:00,194.25
2023-12-12 14:50:00-05:00,194.2449951171875
2023-12-12 14:51:00-05:00,194.27000427246094
2023-12-12 14:52:00-05:00,194.2949981689453
2023-12-12 14:53:00-05:00,194.2899932861328
2023-12-12 14:54:00-05:00,194.32000732421875
2023-12-12 14:55:00-05:00,194.3000030517578
2023-12-12 14:56:00-05:00,194.3300018310547
2023-12-12 14:57:00-05:00,194.2899932861328
2023-12-12 14:58:00-05:00,194.30999755859375
2023-12-12 14:59:00-05:00,194.28500366210938
2023-12-12 15:00:00-05:00,194.25
2023-12-12 15:01:00-05:00,194.2899932861328
2023-12-12 15:02:00-05:00,194.36920166015625
2023-12-12 15:03:00-05:00,194.38999938964844
2023-12-12 15:04:00-05:00,194.35000610351562
2023-12-12 15:05:00-05:00,194.375
2023-12-12 15:06:00-05:00,194.39999389648438
2023-12-12 15:07:00-05:00,194.4499969482422
2023-12-12 15:08:00-05:00,194.4499969482422
2023-12-12 15:09:00-05:00,194.49220275878906
2023-12-12 15:10:00-05:00,194.49000549316406
2023-12-12 15:11:00-05:00,194.42999267578125
2023-12-12 15:12:00-05:00,194.38499450683594
2023-12-12 15:13:00-05:00,194.39999389648438
2023-12-12 15:14:00-05:00,194.3800048828125
2023-12-12 15:15:00-05:00,194.3000030517578
2023-12-12 15:16:00-05:00,194.3249969482422
2023-12-12 15:17:00-05:00,194.33779907226562
2023-12-12 15:18:00-05:00,194.28309631347656
2023-12-12 15:19:00-05:00,194.3249969482422
2023-12-12 15:20:00-05:00,194.3000030517578
2023-12-12 15:21:00-05:00,194.34500122070312
2023-12-12 15:22:00-05:00,194.39999389648438
2023-12-12 15:23:00-05:00,194.5500030517578
2023-12-12 15:24:00-05:00,194.50999450683594
2023-12-12 15:25:00-05:00,194.52499389648438
2023-12-12 15:26:00-05:00,194.43499755859375
2023-12-12 15:27:00-05:00,194.42750549316406
2023-12-12 15:28:00-05:00,194.4250030517578
2023-12-12 15:29:00-05:00,194.42999267578125
2023-12-12 15:30:00-05:00,194.3800048828125
2023-12-12 15:31:00-05:00,194.3699951171875
2023-12-12 15:32:00-05:00,194.3125
2023-12-12 15:33:00-05:00,194.27999877929688
2023-12-12 15:34:00-05:00,194.28500366210938
2023-12-12 15:35:00-05:00,194.2808074951172
2023-12-12 15:36:00-05:00,194.3300018310547
2023-12-12 15:37:00-05:00,194.29400634765625
2023-12-12 15:38:00-05:00,194.30499267578125
2023-12-12 15:39:00-05:00,194.27000427246094
2023-12-12 15:40:00-05:00,194.3000030517578
2023-12-12 15:41:00-05:00,194.27499389648438
2023-12-12 15:42:00-05:00,194.27999877929688
2023-12-12 15:43:00-05:00,194.26499938964844
2023-12-12 15:44:00-05:00,194.30499267578125
2023-12-12 15:45:00-05:00,194.33999633789062
2023-12-12 15:46:00-05:00,194.34500122070312
2023-12-12 15:47:00-05:00,194.34500122070312
2023-12-12 15:48:00-05:00,194.27999877929688
2023-12-12 15:49:00-05:00,194.2978973388672
2023-12-12 15:50:00-05:00,194.27999877929688
2023-12-12 15:51:00-05:00,194.3800048828125
2023-12-12 15:52:00-05:00,194.30999755859375
2023-12-12 15:53:00-05:00,194.36500549316406
2023-12-12 15:54:00-05:00,194.36000061035156
2023-12-12 15:55:00-05:00,194.42999267578125
2023-12-12 15:56:00-05:00,194.57000732421875
2023-12-12 15:57:00-05:00,194.4550018310547
2023-12-12 15:58:00-05:00,194.5500030517578
2023-12-12 15:59:00-05:00,194.4949951171875
2023-12-13 09:30:00-05:00,195.08999633789062
2023-12-13 09:31:00-05:00,195.52999877929688
2023-12-13 09:32:00-05:00,195.59849548339844
2023-12-13 09:33:00-05:00,195.67999267578125
2023-12-13 09:34:00-05:00,195.60000610351562
2023-12-13 09:35:00-05:00,196.1678009033203
2023-12-13 09:36:00-05:00,196.03970336914062
2023-12-13 09:37:00-05:00,196.1300048828125
2023-12-13 09:38:00-05:00,196.27499389648438
2023-12-13 09:39:00-05:00,196.38999938964844
2023-12-13 09:40:00-05:00,196.1699981689453
2023-12-13 09:41:00-05:00,196.3332061767578
2023-12-13 09:42:00-05:00,196.44320678710938
2023-12-13 09:43:00-05:00,196.46290588378906
2023-12-13 09:44:00-05:00,196.35000610351562
2023-12-13 09:45:00-05:00,196.32000732421875
2023-12-13 09:46:00-05:00,196.13999938964844
2023-12-13 09:47:00-05:00,196.10009765625
2023-12-13 09:48:00-05:00,195.98779296875
2023-12-13 09:49:00-05:00,195.9300994873047
2023-12-13 09:50:00-05:00,195.94000244140625
2023-12-13 09:51:00-05:00,195.86000061035156
2023-12-13 09:52:00-05:00,195.80999755859375
2023-12-13 09:53:00-05:00,195.8300018310547
2023-12-13 09:54:00-05:00,195.82000732421875
2023-12-13 09:55:00-05:00,195.77999877929688
2023-12-13 09:56:00-05:00,195.94000244140625
2023-12-13 09:57:00-05:00,195.94000244140625
2023-12-13 09:58:00-05:00,195.98680114746094
2023-12-13 09:59:00-05:00,195.8300018310547
2023-12-13 10:00:00-05:00,195.89999389648438
2023-12-13 10:01:00-05:00,195.88999938964844
2023-12-13 10:02:00-05:00,195.89999389648438
2023-12-13 10:03:00-05:00,195.85000610351562
2023-12-13 10:04:00-05:00,195.89999389648438
2023-12-13 10:05:00-05:00,195.9499969482422
2023-12-13 10:06:00-05:00,195.97000122070312
2023-12-13 10:07:00-05:00,196.08779907226562
2023-12-13 10:08:00-05:00,196.32789611816406
2023-12-13 10:09:00-05:00,196.29010009765625
2023-12-13 10:10:00-05:00,196.33999633789062
2023-12-13 10:11:00-05:00,196.37989807128906
2023-12-13 10:12:00-05:00,196.34500122070312
2023-12-13 10:13:00-05:00,196.35000610351562
2023-12-13 10:14:00-05:00,196.2449951171875
2023-12-13 10:15:00-05:00,196.1699981689453
2023-12-13 10:16:00-05:00,196.1699981689453
2023-12-13 10:17:00-05:00,196.14999389648438
2023-12-13 10:18:00-05:00,196.15989685058594
2023-12-13 10:19:00-05:00,196.14500427246094
2023-12-13 10:20:00-05:00,196.14779663085938
2023-12-13 10:21:00-05:00,196.14500427246094
2023-12-13 10:22:00-05:00,196.3000030517578
2023-12-13 10:23:00-05:00,196.22500610351562
2023-12-13 10:24:00-05:00,196.2949981689453
2023-12-13 10:25:00-05:00,196.28990173339844
2023-12-13 10:26:00-05:00,196.3300018310547
2023-12-13 10:27:00-05:00,196.4149932861328
2023-12-13 10:28:00-05:00,196.375
2023-12-13 10:29:00-05:00,196.49000549316406
2023-12-13 10:30:00-05:00,196.52499389648438
2023-12-13 10:31:00-05:00,196.5850067138672
2023-12-13 10:32:00-05:00,196.72000122070312
2023-12-13 10:33:00-05:00,196.64999389648438
2023-12-13 10:34:00-05:00,196.5050048828125
2023-12-13 10:35:00-05:00,196.39010620117188
2023-12-13 10:36:00-05:00,196.44500732421875
2023-12-13 10:37:00-05:00,196.56500244140625
2023-12-13 10:38:00-05:00,196.625
2023-12-13 10:39:00-05:00,196.55499267578125
2023-12-13 10:40:00-05:00,196.52000427246094
2023-12-13 10:41:00-05:00,196.46029663085938
2023-12-13 10:42:00-05:00,196.4499969482422
2023-12-13 10:43:00-05:00,196.4550018310547
2023-12-13 10:44:00-05:00,196.4550018310547
2023-12-13 10:45:00-05:00,196.55999755859375
2023-12-13 10:46:00-05:00,196.51499938964844
2023-12-13 10:47:00-05:00,196.5500030517578
2023-12-13 10:48:00-05:00,196.5
2023-12-13 10:49:00-05:00,196.44000244140625
2023-12-13 10:50:00-05:00,196.3800048828125
2023-12-13 10:51:00-05:00,196.22000122070312
2023-12-13 10:52:00-05:00,196.2550048828125
2023-12-13 10:53:00-05:00,196.28500366210938
2023-12-13 10:54:00-05:00,196.19430541992188
2023-12-13 10:55:00-05:00,196.1750030517578
2023-12-13 10:56:00-05:00,196.2050018310547
2023-12-13 10:57:00-05:00,196.25
2023-12-13 10:58:00-05:00,196.32899475097656
2023-12-13 10:59:00-05:00,196.34500122070312
2023-12-13 11:00:00-05:00,196.3300018310547
2023-12-13 11:01:00-05:00,196.3800048828125
2023-12-13 11:02:00-05:00,196.3800048828125
2023-12-13 11:03:00-05:00,196.39999389648438
2023-12-13 11:04:00-05:00,196.40499877929688
2023-12-13 11:05:00-05:00,196.36500549316406
2023-12-13 11:06:00-05:00,196.2550048828125
2023-12-13 11:07:00-05:00,196.18699645996094
2023-12-13 11:08:00-05:00,196.22500610351562
2023-12-13 11:09:00-05:00,196.14999389648438
2023-12-13 11:10:00-05:00,196.13999938964844
2023-12-13 11:11:00-05:00,196.11000061035156
2023-12-13 11:12:00-05:00,196.09500122070312
2023-12-13 11:13:00-05:00,196.24000549316406
2023-12-13 11:14:00-05:00,196.25
2023-12-13 11:15:00-05:00,196.25990295410156
2023-12-13 11:16:00-05:00,196.17759704589844
2023-12-13 11:17:00-05:00,196.14500427246094
2023-12-13 11:18:00-05:00,196.110107421875
2023-12-13 11:19:00-05:00,196.06500244140625
2023-12-13 11:20:00-05:00,196.0800018310547
2023-12-13 11:21:00-05:00,195.96499633789062
2023-12-13 11:22:00-05:00,195.97999572753906
2023-12-13 11:23:00-05:00,195.83999633789062
2023-12-13 11:24:00-05:00,195.89999389648438
2023-12-13 11:25:00-05:00,195.8800048828125
2023-12-13 11:26:00-05:00,195.75
2023-12-13 11:27:00-05:00,195.6999969482422
2023-12-13 11:28:00-05:00,195.72999572753906
2023-12-13 11:29:00-05:00,195.93710327148438
2023-12-13 11:30:00-05:00,195.96499633789062
2023-12-13 11:31:00-05:00,196.0800018310547
2023-12-13 11:32:00-05:00,196.1999969482422
2023-12-13 11:33:00-05:00,196.2200927734375
2023-12-13 11:34:00-05:00,196.1750030517578
2023-12-13 11:35:00-05:00,196.13980102539062
2023-12-13 11:36:00-05:00,196.17999267578125
2023-12-13 11:37:00-05:00,196.13499450683594
2023-12-13 11:38:00-05:00,196.11000061035156
2023-12-13 11:39:00-05:00,195.9799041748047
2023-12-13 11:40:00-05:00,195.99000549316406
2023-12-13 11:41:00-05:00,196.0
2023-12-13 11:42:00-05:00,196.0
2023-12-13 11:43:00-05:00,196.03500366210938
2023-12-13 11:44:00-05:00,196.1750030517578
2023-12-13 11:45:00-05:00,196.08999633789062
2023-12-13 11:46:00-05:00,196.15989685058594
2023-12-13 11:47:00-05:00,196.03250122070312
2023-12-13 11:48:00-05:00,196.1284942626953
2023-12-13 11:49:00-05:00,196.10000610351562
2023-12-13 11:50:00-05:00,196.05999755859375
2023-12-13 11:51:00-05:00,196.05999755859375
2023-12-13 11:52:00-05:00,196.00999450683594
2023-12-13 11:53:00-05:00,195.9528045654297
2023-12-13 11:54:00-05:00,195.99009704589844
2023-12-13 11:55:00-05:00,196.02499389648438
2023-12-13 11:56:00-05:00,196.0
2023-12-13 11:57:00-05:00,195.96139526367188
2023-12-13 11:58:00-05:00,195.93499755859375
2023-12-13 11:59:00-05:00,195.98599243164062
2023-12-13 12:00:00-05:00,195.9550018310547
2023-12-13 12:01:00-05:00,196.02000427246094
2023-12-13 12:02:00-05:00,195.9550018310547
2023-12-13 12:03:00-05:00,195.9600067138672
2023-12-13 12:04:00-05:00,195.91000366210938
2023-12-13 12:05:00-05:00,195.99000549316406
2023-12-13 12:06:00-05:00,195.9600067138672
2023-12-13 12:07:00-05:00,195.9199981689453
2023-12-13 12:08:00-05:00,195.8800048828125
2023-12-13 12:09:00-05:00,195.9499969482422
2023-12-13 12:10:00-05:00,195.91000366210938
2023-12-13 12:11:00-05:00,196.0
2023-12-13 12:12:00-05:00,195.99000549316406
2023-12-13 12:13:00-05:00,195.96499633789062
2023-12-13 12:14:00-05:00,195.91000366210938
2023-12-13 12:15:00-05:00,195.9149932861328
2023-12-13 12:16:00-05:00,195.889892578125
2023-12-13 12:17:00-05:00,195.85989379882812
2023-12-13 12:18:00-05:00,195.8218994140625
2023-12-13 12:19:00-05:00,195.82000732421875
2023-12-13 12:20:00-05:00,195.84500122070312
2023-12-13 12:21:00-05:00,195.85980224609375
2023-12-13 12:22:00-05:00,195.8000030517578
2023-12-13 12:23:00-05:00,195.76010131835938
2023-12-13 12:24:00-05:00,195.72000122070312
2023-12-13 12:25:00-05:00,195.72500610351562
2023-12-13 12:26:00-05:00,195.73500061035156
2023-12-13 12:27:00-05:00,195.78289794921875
2023-12-13 12:28:00-05:00,195.8262939453125
2023-12-13 12:29:00-05:00,195.74000549316406
2023-12-13 12:30:00-05:00,195.76629638671875
2023-12-13 12:31:00-05:00,195.69659423828125
2023-12-13 12:32:00-05:00,195.64700317382812
2023-12-13 12:33:00-05:00,195.625
2023-12-13 12:34:00-05:00,195.69000244140625
2023-12-13 12:35:00-05:00,195.63999938964844
2023-12-13 12:36:00-05:00,195.62030029296875
2023-12-13 12:37:00-05:00,195.69000244140625
2023-12-13 12:38:00-05:00,195.6750030517578
2023-12-13 12:39:00-05:00,195.6833953857422
2023-12-13 12:40:00-05:00,195.66000366210938
2023-12-13 12:41:00-05:00,195.58999633789062
2023-12-13 12:42:00-05:00,195.52000427246094
2023-12-13 12:43:00-05:00,195.53750610351562
2023-12-13 12:44:00-05:00,195.55499267578125
2023-12-13 12:45:00-05:00,195.5850067138672
2023-12-13 12:46:00-05:00,195.52499389648438
2023-12-13 12:47:00-05:00,195.55990600585938
2023-12-13 12:48:00-05:00,195.57000732421875
2023-12-13 12:49:00-05:00,195.55029296875
2023-12-13 12:50:00-05:00,195.6300048828125
2023-12-13 12:51:00-05:00,195.67999267578125
2023-12-13 12:52:00-05:00,195.6999969482422
2023-12-13 12:53:00-05:00,195.7050018310547
2023-12-13 12:54:00-05:00,195.77999877929688
2023-12-13 12:55:00-05:00,195.8249969482422
2023-12-13 12:56:00-05:00,195.88499450683594
2023-12-13 12:57:00-05:00,195.94500732421875
2023-12-13 12:58:00-05:00,195.99020385742188
2023-12-13 12:59:00-05:00,196.03500366210938
2023-12-13 13:00:00-05:00,196.09500122070312
2023-12-13 13:01:00-05:00,196.125
2023-12-13 13:02:00-05:00,196.1649932861328
2023-12-13 13:03:00-05:00,196.10000610351562
2023-12-13 13:04:00-05:00,196.17999267578125
2023-12-13 13:05:00-05:00,196.1699981689453
2023-12-13 13:06:00-05:00,196.17840576171875
2023-12-13 13:07:00-05:00,196.11500549316406
2023-12-13 13:08:00-05:00,196.13499450683594
2023-12-13 13:09:00-05:00,196.10000610351562
2023-12-13 13:10:00-05:00,196.14500427246094
2023-12-13 13:11:00-05:00,196.18499755859375
2023-12-13 13:12:00-05:00,196.27000427246094
2023-12-13 13:13:00-05:00,196.3000030517578
2023-12-13 13:14:00-05:00,196.25
2023-12-13 13:15:00-05:00,196.3000030517578
2023-12-13 13:16:00-05:00,196.3300018310547
2023-12-13 13:17:00-05:00,196.3249969482422
2023-12-13 13:18:00-05:00,196.2899932861328
2023-12-13 13:19:00-05:00,196.3249969482422
2023-12-13 13:20:00-05:00,196.30999755859375
2023-12-13 13:21:00-05:00,196.4199981689453
2023-12-13 13:22:00-05:00,196.3800048828125
2023-12-13 13:23:00-05:00,196.39999389648438
2023-12-13 13:24:00-05:00,196.46499633789062
2023-12-13 13:25:00-05:00,196.49989318847656
2023-12-13 13:26:00-05:00,196.60000610351562
2023-12-13 13:27:00-05:00,196.5050048828125
2023-12-13 13:28:00-05:00,196.5850067138672
2023-12-13 13:29:00-05:00,196.57000732421875
2023-12-13 13:30:00-05:00,196.55499267578125
2023-12-13 13:31:00-05:00,196.6750030517578
2023-12-13 13:32:00-05:00,196.72999572753906
2023-12-13 13:33:00-05:00,196.7100067138672
2023-12-13 13:34:00-05:00,196.72019958496094
2023-12-13 13:35:00-05:00,196.82000732421875
2023-12-13 13:36:00-05:00,196.8699951171875
2023-12-13 13:37:00-05:00,196.82330322265625
2023-12-13 13:38:00-05:00,196.67999267578125
2023-12-13 13:39:00-05:00,196.74000549316406
2023-12-13 13:40:00-05:00,196.73500061035156
2023-12-13 13:41:00-05:00,196.8199005126953
2023-12-13 13:42:00-05:00,196.6649932861328
2023-12-13 13:43:00-05:00,196.72000122070312
2023-12-13 13:44:00-05:00,196.75
2023-12-13 13:45:00-05:00,196.74009704589844
2023-12-13 13:46:00-05:00,196.75999450683594
2023-12-13 13:47:00-05:00,196.7899932861328
2023-12-13 13:48:00-05:00,196.77999877929688
2023-12-13 13:49:00-05:00,196.68499755859375
2023-12-13 13:50:00-05:00,196.6649932861328
2023-12-13 13:51:00-05:00,196.6699981689453
2023-12-13 13:52:00-05:00,196.5800018310547
2023-12-13 13:53:00-05:00,196.63999938964844
2023-12-13 13:54:00-05:00,196.60000610351562
2023-12-13 13:55:00-05:00,196.62109375
2023-12-13 13:56:00-05:00,196.58909606933594
2023-12-13 13:57:00-05:00,196.58999633789062
2023-12-13 13:58:00-05:00,196.5800018310547
2023-12-13 13:59:00-05:00,196.55999755859375
2023-12-13 14:00:00-05:00,196.47999572753906
2023-12-13 14:01:00-05:00,196.9600067138672
2023-12-13 14:02:00-05:00,196.9199981689453
2023-12-13 14:03:00-05:00,197.11270141601562
2023-12-13 14:04:00-05:00,197.02000427246094
2023-12-13 14:05:00-05:00,197.00909423828125
2023-12-13 14:06:00-05:00,197.17999267578125
2023-12-13 14:07:00-05:00,197.0449981689453
2023-12-13 14:08:00-05:00,197.11000061035156
2023-12-13 14:13:00-05:00,196.86000061035156
2023-12-13 14:14:00-05:00,196.86000061035156
2023-12-13 14:15:00-05:00,196.85000610351562
2023-12-13 14:16:00-05:00,196.7949981689453
2023-12-13 14:17:00-05:00,196.8300018310547
2023-12-13 14:18:00-05:00,196.97000122070312
2023-12-13 14:19:00-05:00,196.98500061035156
2023-12-13 14:20:00-05:00,197.10000610351562
2023-12-13 14:21:00-05:00,197.19000244140625
2023-12-13 14:22:00-05:00,197.27000427246094
2023-12-13 14:23:00-05:00,197.4001007080078
2023-12-13 14:24:00-05:00,197.42239379882812
2023-12-13 14:25:00-05:00,197.4199981689453
2023-12-13 14:26:00-05:00,197.4199981689453
2023-12-13 14:27:00-05:00,197.39999389648438
2023-12-13 14:28:00-05:00,197.36000061035156
2023-12-13 14:29:00-05:00,197.23500061035156
2023-12-13 14:30:00-05:00,197.2949981689453
2023-12-13 14:31:00-05:00,197.36500549316406
2023-12-13 14:32:00-05:00,197.0500030517578
2023-12-13 14:33:00-05:00,197.14999389648438
2023-12-13 14:34:00-05:00,197.25
2023-12-13 14:35:00-05:00,197.39999389648438
2023-12-13 14:36:00-05:00,197.48500061035156
2023-12-13 14:37:00-05:00,197.375
2023-12-13 14:38:00-05:00,197.3300018310547
2023-12-13 14:39:00-05:00,197.41000366210938
2023-12-13 14:40:00-05:00,197.47000122070312
2023-12-13 14:41:00-05:00,197.5399932861328
2023-12-13 14:42:00-05:00,197.56759643554688
2023-12-13 14:43:00-05:00,197.74000549316406
2023-12-13 14:44:00-05:00,197.6300048828125
2023-12-13 14:45:00-05:00,197.58999633789062
2023-12-13 14:46:00-05:00,197.5800018310547
2023-12-13 14:47:00-05:00,197.5850067138672
2023-12-13 14:48:00-05:00,197.49000549316406
2023-12-13 14:49:00-05:00,197.44500732421875
2023-12-13 14:50:00-05:00,197.37130737304688
2023-12-13 14:51:00-05:00,197.36000061035156
2023-12-13 14:52:00-05:00,197.5050048828125
2023-12-13 14:53:00-05:00,197.64849853515625
2023-12-13 14:54:00-05:00,197.72999572753906
2023-12-13 14:55:00-05:00,197.78500366210938
2023-12-13 14:56:00-05:00,197.8892059326172
2023-12-13 14:57:00-05:00,197.85440063476562
2023-12-13 14:58:00-05:00,197.9199981689453
2023-12-13 14:59:00-05:00,197.98500061035156
2023-12-13 15:00:00-05:00,197.9149932861328
2023-12-13 15:01:00-05:00,197.9600067138672
2023-12-13 15:02:00-05:00,197.92999267578125
2023-12-13 15:03:00-05:00,197.90440368652344
2023-12-13 15:04:00-05:00,197.89999389648438
2023-12-13 15:05:00-05:00,197.89999389648438
2023-12-13 15:06:00-05:00,197.89010620117188
2023-12-13 15:07:00-05:00,197.9199981689453
2023-12-13 15:08:00-05:00,197.8699951171875
2023-12-13 15:09:00-05:00,197.80999755859375
2023-12-13 15:10:00-05:00,197.72999572753906
2023-12-13 15:11:00-05:00,197.4499969482422
2023-12-13 15:12:00-05:00,197.38999938964844
2023-12-13 15:13:00-05:00,197.47000122070312
2023-12-13 15:14:00-05:00,197.47999572753906
2023-12-13 15:15:00-05:00,197.4311981201172
2023-12-13 15:16:00-05:00,197.2899932861328
2023-12-13 15:17:00-05:00,197.30999755859375
2023-12-13 15:18:00-05:00,197.2050018310547
2023-12-13 15:19:00-05:00,197.11500549316406
2023-12-13 15:20:00-05:00,197.0625
2023-12-13 15:21:00-05:00,197.16000366210938
2023-12-13 15:22:00-05:00,197.1649932861328
2023-12-13 15:23:00-05:00,197.10519409179688
2023-12-13 15:24:00-05:00,196.82000732421875
2023-12-13 15:25:00-05:00,196.6699981689453
2023-12-13 15:26:00-05:00,196.6999969482422
2023-12-13 15:27:00-05:00,196.63999938964844
2023-12-13 15:28:00-05:00,196.91000366210938
2023-12-13 15:29:00-05:00,196.97000122070312
2023-12-13 15:30:00-05:00,196.97500610351562
2023-12-13 15:31:00-05:00,196.90499877929688
2023-12-13 15:32:00-05:00,196.89999389648438
2023-12-13 15:33:00-05:00,196.88999938964844
2023-12-13 15:34:00-05:00,196.85000610351562
2023-12-13 15:35:00-05:00,196.8000030517578
2023-12-13 15:36:00-05:00,196.91000366210938
2023-12-13 15:37:00-05:00,196.9199981689453
2023-12-13 15:38:00-05:00,196.80499267578125
2023-12-13 15:39:00-05:00,196.6750030517578
2023-12-13 15:40:00-05:00,196.97500610351562
2023-12-13 15:41:00-05:00,197.05999755859375
2023-12-13 15:42:00-05:00,196.99000549316406
2023-12-13 15:43:00-05:00,197.03500366210938
2023-12-13 15:44:00-05:00,197.0749969482422
2023-12-13 15:45:00-05:00,197.09500122070312
2023-12-13 15:46:00-05:00,197.22000122070312
2023-12-13 15:47:00-05:00,197.14999389648438
2023-12-13 15:48:00-05:00,197.09500122070312
2023-12-13 15:49:00-05:00,197.19500732421875
2023-12-13 15:50:00-05:00,197.2899932861328
2023-12-13 15:51:00-05:00,197.11500549316406
2023-12-13 15:52:00-05:00,197.06500244140625
2023-12-13 15:53:00-05:00,197.0800018310547
2023-12-13 15:54:00-05:00,197.1699981689453
2023-12-13 15:55:00-05:00,197.31500244140625
2023-12-13 15:56:00-05:00,197.56500244140625
2023-12-13 15:57:00-05:00,197.55999755859375
2023-12-13 15:58:00-05:00,197.67999267578125
2023-12-13 15:59:00-05:00,197.71499633789062
2023-12-14 09:30:00-05:00,198.67999267578125
2023-12-14 09:31:00-05:00,199.11000061035156
2023-12-14 09:32:00-05:00,199.44000244140625
2023-12-14 09:33:00-05:00,199.52999877929688
2023-12-14 09:34:00-05:00,199.5050048828125
2023-12-14 09:35:00-05:00,199.25010681152344
2023-12-14 09:36:00-05:00,199.19900512695312
2023-12-14 09:37:00-05:00,199.09100341796875
2023-12-14 09:38:00-05:00,199.3249969482422
2023-12-14 09:39:00-05:00,199.38999938964844
2023-12-14 09:40:00-05:00,199.375
2023-12-14 09:41:00-05:00,199.05999755859375
2023-12-14 09:42:00-05:00,199.12249755859375
2023-12-14 09:43:00-05:00,199.0449981689453
2023-12-14 09:44:00-05:00,199.19000244140625
2023-12-14 09:45:00-05:00,199.16000366210938
2023-12-14 09:46:00-05:00,199.1699981689453
2023-12-14 09:47:00-05:00,199.19500732421875
2023-12-14 09:48:00-05:00,199.2949981689453
2023-12-14 09:49:00-05:00,199.30499267578125
2023-12-14 09:50:00-05:00,199.125
2023-12-14 09:51:00-05:00,198.9499969482422
2023-12-14 09:52:00-05:00,198.86000061035156
2023-12-14 09:53:00-05:00,199.17990112304688
2023-12-14 09:54:00-05:00,199.3350067138672
2023-12-14 09:55:00-05:00,199.3300018310547
2023-12-14 09:56:00-05:00,199.35499572753906
2023-12-14 09:57:00-05:00,199.49000549316406
2023-12-14 09:58:00-05:00,199.4949951171875
2023-12-14 09:59:00-05:00,199.27999877929688
2023-12-14 10:00:00-05:00,199.19000244140625
2023-12-14 10:01:00-05:00,198.9149932861328
2023-12-14 10:02:00-05:00,199.00970458984375
2023-12-14 10:03:00-05:00,199.05999755859375
2023-12-14 10:04:00-05:00,199.02999877929688
2023-12-14 10:05:00-05:00,199.11000061035156
2023-12-14 10:06:00-05:00,199.02000427246094
2023-12-14 10:07:00-05:00,198.99989318847656
2023-12-14 10:08:00-05:00,199.06500244140625
2023-12-14 10:09:00-05:00,199.18499755859375
2023-12-14 10:10:00-05:00,199.21499633789062
2023-12-14 10:11:00-05:00,199.35000610351562
2023-12-14 10:12:00-05:00,199.47999572753906
2023-12-14 10:13:00-05:00,199.52000427246094
2023-12-14 10:14:00-05:00,199.5800018310547
2023-12-14 10:15:00-05:00,199.3800048828125
2023-12-14 10:16:00-05:00,199.4149932861328
2023-12-14 10:17:00-05:00,199.19000244140625
2023-12-14 10:18:00-05:00,199.01499938964844
2023-12-14 10:19:00-05:00,198.97999572753906
2023-12-14 10:20:00-05:00,199.1750030517578
2023-12-14 10:21:00-05:00,199.0500030517578
2023-12-14 10:22:00-05:00,199.29800415039062
2023-12-14 10:23:00-05:00,199.21499633789062
2023-12-14 10:24:00-05:00,199.23500061035156
2023-12-14 10:25:00-05:00,199.3249969482422
2023-12-14 10:26:00-05:00,199.16000366210938
2023-12-14 10:27:00-05:00,199.25999450683594
2023-12-14 10:28:00-05:00,199.0399932861328
2023-12-14 10:29:00-05:00,199.00999450683594
2023-12-14 10:30:00-05:00,198.8000030517578
2023-12-14 10:31:00-05:00,198.80499267578125
2023-12-14 10:32:00-05:00,198.82000732421875
2023-12-14 10:33:00-05:00,198.75999450683594
2023-12-14 10:34:00-05:00,198.97500610351562
2023-12-14 10:35:00-05:00,199.03500366210938
2023-12-14 10:36:00-05:00,198.94500732421875
2023-12-14 10:37:00-05:00,198.9199981689453
2023-12-14 10:38:00-05:00,199.0
2023-12-14 10:39:00-05:00,198.97999572753906
2023-12-14 10:40:00-05:00,198.9550018310547
2023-12-14 10:41:00-05:00,199.1300048828125
2023-12-14 10:42:00-05:00,199.19000244140625
2023-12-14 10:43:00-05:00,199.3000030517578
2023-12-14 10:44:00-05:00,199.0500030517578
2023-12-14 10:45:00-05:00,199.0050048828125
2023-12-14 10:46:00-05:00,199.1300048828125
2023-12-14 10:47:00-05:00,199.00999450683594
2023-12-14 10:48:00-05:00,198.87440490722656
2023-12-14 10:49:00-05:00,198.84500122070312
2023-12-14 10:50:00-05:00,199.0399932861328
2023-12-14 10:51:00-05:00,199.17999267578125
2023-12-14 10:52:00-05:00,199.0800018310547
2023-12-14 10:53:00-05:00,199.1199951171875
2023-12-14 10:54:00-05:00,199.10000610351562
2023-12-14 10:55:00-05:00,199.1750030517578
2023-12-14 10:56:00-05:00,199.2100067138672
2023-12-14 10:57:00-05:00,199.05499267578125
2023-12-14 10:58:00-05:00,199.01499938964844
2023-12-14 10:59:00-05:00,199.13999938964844
2023-12-14 11:00:00-05:00,199.125
2023-12-14 11:02:00-05:00,198.86500549316406
2023-12-14 11:03:00-05:00,198.8249969482422
2023-12-14 11:04:00-05:00,198.86000061035156
2023-12-14 11:05:00-05:00,198.72500610351562
2023-12-14 11:06:00-05:00,198.67990112304688
2023-12-14 11:07:00-05:00,198.5944061279297
2023-12-14 11:08:00-05:00,198.6199951171875
2023-12-14 11:09:00-05:00,198.6300048828125
2023-12-14 11:10:00-05:00,198.5449981689453
2023-12-14 11:11:00-05:00,198.64500427246094
2023-12-14 11:12:00-05:00,198.6501007080078
2023-12-14 11:13:00-05:00,198.52999877929688
2023-12-14 11:14:00-05:00,198.4550018310547
2023-12-14 11:15:00-05:00,198.26499938964844
2023-12-14 11:16:00-05:00,198.3699951171875
2023-12-14 11:17:00-05:00,198.38499450683594
2023-12-14 11:18:00-05:00,198.36500549316406
2023-12-14 11:19:00-05:00,198.46499633789062
2023-12-14 11:20:00-05:00,198.5800018310547
2023-12-14 11:21:00-05:00,198.57000732421875
2023-12-14 11:22:00-05:00,198.52000427246094
2023-12-14 11:23:00-05:00,198.47999572753906
2023-12-14 11:24:00-05:00,198.39999389648438
2023-12-14 11:25:00-05:00,198.34500122070312
2023-12-14 11:26:00-05:00,198.27999877929688
2023-12-14 11:27:00-05:00,198.22500610351562
2023-12-14 11:28:00-05:00,198.22000122070312
2023-12-14 11:29:00-05:00,198.3699951171875
2023-12-14 11:30:00-05:00,198.35499572753906
2023-12-14 11:31:00-05:00,198.47950744628906
2023-12-14 11:32:00-05:00,198.44000244140625
2023-12-14 11:33:00-05:00,198.44000244140625
2023-12-14 11:34:00-05:00,198.38499450683594
2023-12-14 11:35:00-05:00,198.25
2023-12-14 11:36:00-05:00,198.24000549316406
2023-12-14 11:37:00-05:00,198.19000244140625
2023-12-14 11:38:00-05:00,198.13499450683594
2023-12-14 11:39:00-05:00,198.16000366210938
2023-12-14 11:40:00-05:00,198.14999389648438
2023-12-14 11:41:00-05:00,198.2487030029297
2023-12-14 11:42:00-05:00,198.14999389648438
2023-12-14 11:43:00-05:00,198.14999389648438
2023-12-14 11:44:00-05:00,198.02000427246094
2023-12-14 11:45:00-05:00,198.17999267578125
2023-12-14 11:46:00-05:00,198.30999755859375
2023-12-14 11:47:00-05:00,198.16000366210938
2023-12-14 11:48:00-05:00,198.00999450683594
2023-12-14 11:49:00-05:00,198.05499267578125
2023-12-14 11:50:00-05:00,198.06500244140625
2023-12-14 11:51:00-05:00,198.10009765625
2023-12-14 11:52:00-05:00,198.1510009765625
2023-12-14 11:53:00-05:00,198.08999633789062
2023-12-14 11:54:00-05:00,198.2100067138672
2023-12-14 11:55:00-05:00,198.10000610351562
2023-12-14 11:56:00-05:00,197.9550018310547
2023-12-14 11:57:00-05:00,197.99000549316406
2023-12-14 11:58:00-05:00,197.89999389648438
2023-12-14 11:59:00-05:00,197.89500427246094
2023-12-14 12:00:00-05:00,197.7949981689453
2023-12-14 12:01:00-05:00,197.72999572753906
2023-12-14 12:02:00-05:00,197.75
2023-12-14 12:03:00-05:00,197.75999450683594
2023-12-14 12:04:00-05:00,197.64999389648438
2023-12-14 12:05:00-05:00,197.67999267578125
2023-12-14 12:06:00-05:00,197.72000122070312
2023-12-14 12:07:00-05:00,197.75999450683594
2023-12-14 12:08:00-05:00,197.71510314941406
2023-12-14 12:09:00-05:00,197.84500122070312
2023-12-14 12:10:00-05:00,197.98989868164062
2023-12-14 12:11:00-05:00,197.97500610351562
2023-12-14 12:12:00-05:00,197.94000244140625
2023-12-14 12:13:00-05:00,198.0449981689453
2023-12-14 12:14:00-05:00,198.10499572753906
2023-12-14 12:15:00-05:00,198.125
2023-12-14 12:16:00-05:00,198.1699981689453
2023-12-14 12:17:00-05:00,198.11500549316406
2023-12-14 12:18:00-05:00,198.05999755859375
2023-12-14 12:19:00-05:00,198.03500366210938
2023-12-14 12:20:00-05:00,198.10000610351562
2023-12-14 12:21:00-05:00,198.2050018310547
2023-12-14 12:22:00-05:00,198.2725067138672
2023-12-14 12:23:00-05:00,198.2899932861328
2023-12-14 12:24:00-05:00,198.27000427246094
2023-12-14 12:25:00-05:00,198.31500244140625
2023-12-14 12:26:00-05:00,198.4199981689453
2023-12-14 12:27:00-05:00,198.48500061035156
2023-12-14 12:28:00-05:00,198.43980407714844
2023-12-14 12:29:00-05:00,198.43359375
2023-12-14 12:30:00-05:00,198.38999938964844
2023-12-14 12:31:00-05:00,198.3300018310547
2023-12-14 12:32:00-05:00,198.3249969482422
2023-12-14 12:33:00-05:00,198.38999938964844
2023-12-14 12:34:00-05:00,198.36000061035156
2023-12-14 12:35:00-05:00,198.38499450683594
2023-12-14 12:36:00-05:00,198.44920349121094
2023-12-14 12:37:00-05:00,198.44000244140625
2023-12-14 12:38:00-05:00,198.44000244140625
2023-12-14 12:39:00-05:00,198.40499877929688
2023-12-14 12:40:00-05:00,198.3800048828125
2023-12-14 12:41:00-05:00,198.34500122070312
2023-12-14 12:42:00-05:00,198.3800048828125
2023-12-14 12:43:00-05:00,198.38780212402344
2023-12-14 12:44:00-05:00,198.4550018310547
2023-12-14 12:45:00-05:00,198.39500427246094
2023-12-14 12:46:00-05:00,198.47500610351562
2023-12-14 12:47:00-05:00,198.52999877929688
2023-12-14 12:48:00-05:00,198.5050048828125
2023-12-14 12:49:00-05:00,198.5
2023-12-14 12:50:00-05:00,198.4499969482422
2023-12-14 12:51:00-05:00,198.3800048828125
2023-12-14 12:52:00-05:00,198.2550048828125
2023-12-14 12:53:00-05:00,198.22999572753906
2023-12-14 12:54:00-05:00,198.13999938964844
2023-12-14 12:55:00-05:00,198.1300048828125
2023-12-14 12:56:00-05:00,198.00999450683594
2023-12-14 12:57:00-05:00,197.88999938964844
2023-12-14 12:58:00-05:00,197.9250030517578
2023-12-14 12:59:00-05:00,197.8350067138672
2023-12-14 13:00:00-05:00,197.7100067138672
2023-12-14 13:01:00-05:00,197.40499877929688
2023-12-14 13:02:00-05:00,197.41009521484375
2023-12-14 13:03:00-05:00,197.39999389648438
2023-12-14 13:04:00-05:00,197.36000061035156
2023-12-14 13:05:00-05:00,197.49000549316406
2023-12-14 13:06:00-05:00,197.4376983642578
2023-12-14 13:07:00-05:00,197.4199981689453
2023-12-14 13:08:00-05:00,197.33999633789062
2023-12-14 13:09:00-05:00,197.38999938964844
2023-12-14 13:10:00-05:00,197.42999267578125
2023-12-14 13:11:00-05:00,197.40260314941406
2023-12-14 13:12:00-05:00,197.35000610351562
2023-12-14 13:13:00-05:00,197.33009338378906
2023-12-14 13:14:00-05:00,197.3101043701172
2023-12-14 13:15:00-05:00,197.44000244140625
2023-12-14 13:16:00-05:00,197.32000732421875
2023-12-14 13:17:00-05:00,197.25
2023-12-14 13:18:00-05:00,197.32000732421875
2023-12-14 13:19:00-05:00,197.08999633789062
2023-12-14 13:20:00-05:00,197.05499267578125
2023-12-14 13:21:00-05:00,196.9149932861328
2023-12-14 13:22:00-05:00,196.9550018310547
2023-12-14 13:23:00-05:00,196.94000244140625
2023-12-14 13:24:00-05:00,196.9499969482422
2023-12-14 13:25:00-05:00,196.88999938964844
2023-12-14 13:26:00-05:00,196.84500122070312
2023-12-14 13:27:00-05:00,196.78860473632812
2023-12-14 13:28:00-05:00,196.75999450683594
2023-12-14 13:29:00-05:00,196.87869262695312
2023-12-14 13:30:00-05:00,196.85000610351562
2023-12-14 13:31:00-05:00,196.85000610351562
2023-12-14 13:32:00-05:00,196.9199981689453
2023-12-14 13:33:00-05:00,196.9149932861328
2023-12-14 13:34:00-05:00,197.02259826660156
2023-12-14 13:35:00-05:00,197.14999389648438
2023-12-14 13:36:00-05:00,197.13499450683594
2023-12-14 13:37:00-05:00,197.17999267578125
2023-12-14 13:38:00-05:00,197.0500030517578
2023-12-14 13:39:00-05:00,197.01499938964844
2023-12-14 13:40:00-05:00,197.02000427246094
2023-12-14 13:41:00-05:00,197.03500366210938
2023-12-14 13:42:00-05:00,196.98989868164062
2023-12-14 13:43:00-05:00,196.9949951171875
2023-12-14 13:44:00-05:00,196.97000122070312
2023-12-14 13:45:00-05:00,196.94000244140625
2023-12-14 13:46:00-05:00,196.92999267578125
2023-12-14 13:47:00-05:00,196.89999389648438
2023-12-14 13:48:00-05:00,196.8699951171875
2023-12-14 13:49:00-05:00,196.85000610351562
2023-12-14 13:50:00-05:00,196.77999877929688
2023-12-14 13:51:00-05:00,196.59500122070312
2023-12-14 13:52:00-05:00,196.4698944091797
2023-12-14 13:53:00-05:00,196.32000732421875
2023-12-14 13:54:00-05:00,196.1699981689453
2023-12-14 13:55:00-05:00,196.35000610351562
2023-12-14 13:56:00-05:00,196.5500030517578
2023-12-14 13:57:00-05:00,196.66000366210938
2023-12-14 13:58:00-05:00,196.60009765625
2023-12-14 13:59:00-05:00,196.68240356445312
2023-12-14 14:00:00-05:00,196.7949981689453
2023-12-14 14:01:00-05:00,196.91000366210938
2023-12-14 14:02:00-05:00,197.02499389648438
2023-12-14 14:03:00-05:00,197.07000732421875
2023-12-14 14:04:00-05:00,197.14210510253906
2023-12-14 14:05:00-05:00,197.03500366210938
2023-12-14 14:06:00-05:00,197.0720977783203
2023-12-14 14:07:00-05:00,197.10000610351562
2023-12-14 14:08:00-05:00,197.08999633789062
2023-12-14 14:09:00-05:00,197.0800018310547
2023-12-14 14:10:00-05:00,197.0500030517578
2023-12-14 14:11:00-05:00,197.24000549316406
2023-12-14 14:12:00-05:00,197.2259979248047
2023-12-14 14:13:00-05:00,197.35000610351562
2023-12-14 14:14:00-05:00,197.30499267578125
2023-12-14 14:15:00-05:00,197.2830047607422
2023-12-14 14:16:00-05:00,197.27999877929688
2023-12-14 14:17:00-05:00,197.33790588378906
2023-12-14 14:18:00-05:00,197.3249969482422
2023-12-14 14:19:00-05:00,197.3350067138672
2023-12-14 14:20:00-05:00,197.47000122070312
2023-12-14 14:21:00-05:00,197.4949951171875
2023-12-14 14:22:00-05:00,197.52999877929688
2023-12-14 14:23:00-05:00,197.67770385742188
2023-12-14 14:24:00-05:00,197.69000244140625
2023-12-14 14:25:00-05:00,197.69000244140625
2023-12-14 14:26:00-05:00,197.72000122070312
2023-12-14 14:27:00-05:00,197.8000030517578
2023-12-14 14:28:00-05:00,197.77499389648438
2023-12-14 14:29:00-05:00,197.8000030517578
2023-12-14 14:30:00-05:00,197.89500427246094
2023-12-14 14:31:00-05:00,197.8300018310547
2023-12-14 14:32:00-05:00,197.6999969482422
2023-12-14 14:33:00-05:00,197.65570068359375
2023-12-14 14:34:00-05:00,197.56500244140625
2023-12-14 14:35:00-05:00,197.6199951171875
2023-12-14 14:36:00-05:00,197.625
2023-12-14 14:37:00-05:00,197.4499969482422
2023-12-14 14:38:00-05:00,197.40499877929688
2023-12-14 14:39:00-05:00,197.47500610351562
2023-12-14 14:40:00-05:00,197.31820678710938
2023-12-14 14:41:00-05:00,197.35000610351562
2023-12-14 14:42:00-05:00,197.33999633789062
2023-12-14 14:43:00-05:00,197.3249969482422
2023-12-14 14:44:00-05:00,197.35009765625
2023-12-14 14:45:00-05:00,197.3300018310547
2023-12-14 14:46:00-05:00,197.34500122070312
2023-12-14 14:47:00-05:00,197.43499755859375
2023-12-14 14:48:00-05:00,197.4250030517578
2023-12-14 14:49:00-05:00,197.5050048828125
2023-12-14 14:50:00-05:00,197.5449981689453
2023-12-14 14:51:00-05:00,197.5800018310547
2023-12-14 14:52:00-05:00,197.58999633789062
2023-12-14 14:53:00-05:00,197.65499877929688
2023-12-14 14:54:00-05:00,197.61500549316406
2023-12-14 14:55:00-05:00,197.67999267578125
2023-12-14 14:56:00-05:00,197.7449951171875
2023-12-14 14:57:00-05:00,197.78500366210938
2023-12-14 14:58:00-05:00,197.72999572753906
2023-12-14 14:59:00-05:00,197.68499755859375
2023-12-14 15:00:00-05:00,197.72000122070312
2023-12-14 15:01:00-05:00,197.72500610351562
2023-12-14 15:02:00-05:00,197.8300018310547
2023-12-14 15:03:00-05:00,197.8800048828125
2023-12-14 15:04:00-05:00,197.9149932861328
2023-12-14 15:05:00-05:00,197.85499572753906
2023-12-14 15:06:00-05:00,197.99000549316406
2023-12-14 15:07:00-05:00,197.96499633789062
2023-12-14 15:08:00-05:00,197.8000030517578
2023-12-14 15:09:00-05:00,197.8800048828125
2023-12-14 15:10:00-05:00,197.8800048828125
2023-12-14 15:11:00-05:00,197.8300018310547
2023-12-14 15:12:00-05:00,197.85499572753906
2023-12-14 15:13:00-05:00,197.89999389648438
2023-12-14 15:14:00-05:00,197.7899932861328
2023-12-14 15:15:00-05:00,197.77000427246094
2023-12-14 15:16:00-05:00,197.7946014404297
2023-12-14 15:17:00-05:00,197.7198944091797
2023-12-14 15:18:00-05:00,197.8000030517578
2023-12-14 15:19:00-05:00,197.83999633789062
2023-12-14 15:20:00-05:00,197.84500122070312
2023-12-14 15:21:00-05:00,197.78500366210938
2023-12-14 15:22:00-05:00,197.80499267578125
2023-12-14 15:23:00-05:00,197.80999755859375
2023-12-14 15:24:00-05:00,197.85499572753906
2023-12-14 15:25:00-05:00,197.91000366210938
2023-12-14 15:26:00-05:00,197.92999267578125
2023-12-14 15:27:00-05:00,197.91000366210938
2023-12-14 15:28:00-05:00,197.91000366210938
2023-12-14 15:29:00-05:00,198.04989624023438
2023-12-14 15:30:00-05:00,197.91000366210938
2023-12-14 15:31:00-05:00,197.97999572753906
2023-12-14 15:32:00-05:00,198.0
2023-12-14 15:33:00-05:00,197.97999572753906
2023-12-14 15:34:00-05:00,197.89999389648438
2023-12-14 15:35:00-05:00,197.9149932861328
2023-12-14 15:36:00-05:00,197.9550018310547
2023-12-14 15:37:00-05:00,197.98399353027344
2023-12-14 15:38:00-05:00,197.875
2023-12-14 15:39:00-05:00,197.89010620117188
2023-12-14 15:40:00-05:00,197.85499572753906
2023-12-14 15:41:00-05:00,197.8000030517578
2023-12-14 15:42:00-05:00,197.84500122070312
2023-12-14 15:43:00-05:00,197.7899932861328
2023-12-14 15:44:00-05:00,197.8800048828125
2023-12-14 15:45:00-05:00,197.80999755859375
2023-12-14 15:46:00-05:00,197.9550018310547
2023-12-14 15:47:00-05:00,197.92999267578125
2023-12-14 15:48:00-05:00,197.77000427246094
2023-12-14 15:49:00-05:00,197.8000030517578
2023-12-14 15:50:00-05:00,197.77999877929688
2023-12-14 15:51:00-05:00,197.9949951171875
2023-12-14 15:52:00-05:00,197.9600067138672
2023-12-14 15:53:00-05:00,197.97999572753906
2023-12-14 15:54:00-05:00,197.88999938964844
2023-12-14 15:55:00-05:00,197.67999267578125
2023-12-14 15:56:00-05:00,197.92999267578125
2023-12-14 15:57:00-05:00,197.60000610351562
2023-12-14 15:58:00-05:00,197.8800048828125
2023-12-14 15:59:00-05:00,197.94000244140625
2023-12-15 09:30:00-05:00,197.75
2023-12-15 09:31:00-05:00,197.8800048828125
2023-12-15 09:32:00-05:00,197.86000061035156
2023-12-15 09:33:00-05:00,197.5
2023-12-15 09:34:00-05:00,197.19000244140625
2023-12-15 09:35:00-05:00,197.25
2023-12-15 09:36:00-05:00,197.46499633789062
2023-12-15 09:37:00-05:00,197.65499877929688
2023-12-15 09:38:00-05:00,197.5800018310547
2023-12-15 09:39:00-05:00,197.41000366210938
2023-12-15 09:40:00-05:00,197.69000244140625
2023-12-15 09:41:00-05:00,197.53109741210938
2023-12-15 09:42:00-05:00,197.6300048828125
2023-12-15 09:43:00-05:00,197.8800048828125
2023-12-15 09:44:00-05:00,197.97999572753906
2023-12-15 09:45:00-05:00,197.94000244140625
2023-12-15 09:46:00-05:00,197.91000366210938
2023-12-15 09:47:00-05:00,197.75999450683594
2023-12-15 09:48:00-05:00,197.88999938964844
2023-12-15 09:49:00-05:00,197.5850067138672
2023-12-15 09:50:00-05:00,197.64999389648438
2023-12-15 09:51:00-05:00,197.8300018310547
2023-12-15 09:52:00-05:00,197.7899932861328
2023-12-15 09:53:00-05:00,197.86000061035156
2023-12-15 09:54:00-05:00,197.6750030517578
2023-12-15 09:55:00-05:00,197.61000061035156
2023-12-15 09:56:00-05:00,197.57000732421875
2023-12-15 09:57:00-05:00,197.67999267578125
2023-12-15 09:58:00-05:00,197.72999572753906
2023-12-15 09:59:00-05:00,197.8468017578125
2023-12-15 10:00:00-05:00,197.88999938964844
2023-12-15 10:01:00-05:00,197.89500427246094
2023-12-15 10:02:00-05:00,197.77000427246094
2023-12-15 10:03:00-05:00,197.67999267578125
2023-12-15 10:04:00-05:00,197.72500610351562
2023-12-15 10:05:00-05:00,197.57000732421875
2023-12-15 10:06:00-05:00,197.83999633789062
2023-12-15 10:07:00-05:00,197.85000610351562
2023-12-15 10:08:00-05:00,197.85560607910156
2023-12-15 10:09:00-05:00,197.80999755859375
2023-12-15 10:10:00-05:00,197.92999267578125
2023-12-15 10:11:00-05:00,197.77999877929688
2023-12-15 10:12:00-05:00,197.78500366210938
2023-12-15 10:13:00-05:00,197.97500610351562
2023-12-15 10:14:00-05:00,198.16000366210938
2023-12-15 10:15:00-05:00,198.13999938964844
2023-12-15 10:16:00-05:00,198.17999267578125
2023-12-15 10:17:00-05:00,198.19009399414062
2023-12-15 10:18:00-05:00,198.23989868164062
2023-12-15 10:19:00-05:00,198.30499267578125
2023-12-15 10:20:00-05:00,198.22500610351562
2023-12-15 10:21:00-05:00,198.21499633789062
2023-12-15 10:22:00-05:00,198.2949981689453
2023-12-15 10:23:00-05:00,198.3300018310547
2023-12-15 10:24:00-05:00,198.17030334472656
2023-12-15 10:25:00-05:00,198.09500122070312
2023-12-15 10:26:00-05:00,198.1685028076172
2023-12-15 10:27:00-05:00,198.1649932861328
2023-12-15 10:28:00-05:00,198.16000366210938
2023-12-15 10:29:00-05:00,198.16000366210938
2023-12-15 10:30:00-05:00,198.0399932861328
2023-12-15 10:31:00-05:00,198.10499572753906
2023-12-15 10:32:00-05:00,198.10000610351562
2023-12-15 10:33:00-05:00,198.0626983642578
2023-12-15 10:34:00-05:00,198.0
2023-12-15 10:35:00-05:00,197.97000122070312
2023-12-15 10:36:00-05:00,197.8800048828125
2023-12-15 10:37:00-05:00,197.89500427246094
2023-12-15 10:38:00-05:00,197.98500061035156
2023-12-15 10:39:00-05:00,197.9501953125
2023-12-15 10:40:00-05:00,197.83309936523438
2023-12-15 10:41:00-05:00,197.79029846191406
2023-12-15 10:42:00-05:00,197.7899932861328
2023-12-15 10:43:00-05:00,197.77000427246094
2023-12-15 10:44:00-05:00,197.64500427246094
2023-12-15 10:45:00-05:00,197.5749969482422
2023-12-15 10:46:00-05:00,197.57000732421875
2023-12-15 10:47:00-05:00,197.4550018310547
2023-12-15 10:48:00-05:00,197.45010375976562
2023-12-15 10:49:00-05:00,197.5449981689453
2023-12-15 10:50:00-05:00,197.6750030517578
2023-12-15 10:51:00-05:00,197.78500366210938
2023-12-15 10:52:00-05:00,197.69590759277344
2023-12-15 10:53:00-05:00,197.64500427246094
2023-12-15 10:54:00-05:00,197.68499755859375
2023-12-15 10:55:00-05:00,197.75999450683594
2023-12-15 10:56:00-05:00,197.76499938964844
2023-12-15 10:57:00-05:00,197.77499389648438
2023-12-15 10:58:00-05:00,197.7449951171875
2023-12-15 10:59:00-05:00,197.6699981689453
2023-12-15 11:00:00-05:00,197.67999267578125
2023-12-15 11:01:00-05:00,197.69009399414062
2023-12-15 11:02:00-05:00,197.6999969482422
2023-12-15 11:03:00-05:00,197.7052001953125
2023-12-15 11:04:00-05:00,197.72500610351562
2023-12-15 11:05:00-05:00,197.6840057373047
2023-12-15 11:06:00-05:00,197.61000061035156
2023-12-15 11:07:00-05:00,197.5
2023-12-15 11:08:00-05:00,197.51499938964844
2023-12-15 11:09:00-05:00,197.5399932861328
2023-12-15 11:10:00-05:00,197.50999450683594
2023-12-15 11:11:00-05:00,197.46299743652344
2023-12-15 11:12:00-05:00,197.52499389648438
2023-12-15 11:13:00-05:00,197.4550018310547
2023-12-15 11:14:00-05:00,197.44000244140625
2023-12-15 11:16:00-05:00,197.39999389648438
2023-12-15 11:17:00-05:00,197.375
2023-12-15 11:18:00-05:00,197.43789672851562
2023-12-15 11:19:00-05:00,197.5449981689453
2023-12-15 11:20:00-05:00,197.51499938964844
2023-12-15 11:21:00-05:00,197.4324951171875
2023-12-15 11:22:00-05:00,197.4499969482422
2023-12-15 11:23:00-05:00,197.44500732421875
2023-12-15 11:24:00-05:00,197.47500610351562
2023-12-15 11:25:00-05:00,197.63499450683594
2023-12-15 11:26:00-05:00,197.69500732421875
2023-12-15 11:27:00-05:00,197.69000244140625
2023-12-15 11:28:00-05:00,197.67999267578125
2023-12-15 11:29:00-05:00,197.60499572753906
2023-12-15 11:30:00-05:00,197.6300048828125
2023-12-15 11:31:00-05:00,197.72970581054688
2023-12-15 11:32:00-05:00,197.7550048828125
2023-12-15 11:33:00-05:00,197.76499938964844
2023-12-15 11:34:00-05:00,197.84500122070312
2023-12-15 11:35:00-05:00,197.77499389648438
2023-12-15 11:36:00-05:00,197.8800048828125
2023-12-15 11:37:00-05:00,197.9250030517578
2023-12-15 11:38:00-05:00,197.97000122070312
2023-12-15 11:39:00-05:00,197.9600067138672
2023-12-15 11:40:00-05:00,197.94000244140625
2023-12-15 11:41:00-05:00,197.84500122070312
2023-12-15 11:42:00-05:00,197.9250030517578
2023-12-15 11:43:00-05:00,197.875
2023-12-15 11:44:00-05:00,197.9250030517578
2023-12-15 11:45:00-05:00,197.92999267578125
2023-12-15 11:46:00-05:00,197.94000244140625
2023-12-15 11:47:00-05:00,197.85000610351562
2023-12-15 11:48:00-05:00,197.88999938964844
2023-12-15 11:49:00-05:00,197.89500427246094
2023-12-15 11:50:00-05:00,197.9250030517578
2023-12-15 11:51:00-05:00,197.93499755859375
2023-12-15 11:52:00-05:00,197.8350067138672
2023-12-15 11:53:00-05:00,197.8726043701172
2023-12-15 11:54:00-05:00,197.78500366210938
2023-12-15 11:55:00-05:00,197.8350067138672
2023-12-15 11:56:00-05:00,197.8350067138672
2023-12-15 11:57:00-05:00,197.84129333496094
2023-12-15 11:58:00-05:00,197.9199981689453
2023-12-15 11:59:00-05:00,197.94000244140625
2023-12-15 12:00:00-05:00,197.94000244140625
2023-12-15 12:01:00-05:00,197.86520385742188
2023-12-15 12:02:00-05:00,197.78500366210938
2023-12-15 12:03:00-05:00,197.77499389648438
2023-12-15 12:04:00-05:00,197.75999450683594
2023-12-15 12:05:00-05:00,197.69000244140625
2023-12-15 12:06:00-05:00,197.68499755859375
2023-12-15 12:07:00-05:00,197.61000061035156
2023-12-15 12:08:00-05:00,197.625
2023-12-15 12:09:00-05:00,197.6699981689453
2023-12-15 12:10:00-05:00,197.6649932861328
2023-12-15 12:11:00-05:00,197.67709350585938
2023-12-15 12:12:00-05:00,197.74560546875
2023-12-15 12:13:00-05:00,197.77000427246094
2023-12-15 12:14:00-05:00,197.6699981689453
2023-12-15 12:15:00-05:00,197.6999969482422
2023-12-15 12:16:00-05:00,197.68499755859375
2023-12-15 12:17:00-05:00,197.68499755859375
2023-12-15 12:18:00-05:00,197.55099487304688
2023-12-15 12:19:00-05:00,197.64500427246094
2023-12-15 12:20:00-05:00,197.69500732421875
2023-12-15 12:21:00-05:00,197.63330078125
2023-12-15 12:22:00-05:00,197.63999938964844
2023-12-15 12:23:00-05:00,197.56500244140625
2023-12-15 12:24:00-05:00,197.58999633789062
2023-12-15 12:25:00-05:00,197.63499450683594
2023-12-15 12:26:00-05:00,197.6549072265625
2023-12-15 12:27:00-05:00,197.67999267578125
2023-12-15 12:28:00-05:00,197.78419494628906
2023-12-15 12:29:00-05:00,197.7449951171875
2023-12-15 12:30:00-05:00,197.74000549316406
2023-12-15 12:31:00-05:00,197.61000061035156
2023-12-15 12:32:00-05:00,197.5749969482422
2023-12-15 12:33:00-05:00,197.53500366210938
2023-12-15 12:34:00-05:00,197.47999572753906
2023-12-15 12:35:00-05:00,197.52999877929688
2023-12-15 12:36:00-05:00,197.5850067138672
2023-12-15 12:37:00-05:00,197.56500244140625
2023-12-15 12:38:00-05:00,197.52000427246094
2023-12-15 12:39:00-05:00,197.46499633789062
2023-12-15 12:40:00-05:00,197.50990295410156
2023-12-15 12:41:00-05:00,197.51499938964844
2023-12-15 12:42:00-05:00,197.4792938232422
2023-12-15 12:43:00-05:00,197.49989318847656
2023-12-15 12:44:00-05:00,197.47999572753906
2023-12-15 12:45:00-05:00,197.5
2023-12-15 12:46:00-05:00,197.52000427246094
2023-12-15 12:47:00-05:00,197.47000122070312
2023-12-15 12:48:00-05:00,197.4149932861328
2023-12-15 12:49:00-05:00,197.51499938964844
2023-12-15 12:50:00-05:00,197.5500030517578
2023-12-15 12:51:00-05:00,197.5
2023-12-15 12:52:00-05:00,197.47999572753906
2023-12-15 12:53:00-05:00,197.44500732421875
2023-12-15 12:54:00-05:00,197.4199981689453
2023-12-15 12:55:00-05:00,197.41000366210938
2023-12-15 12:56:00-05:00,197.40179443359375
2023-12-15 12:57:00-05:00,197.36500549316406
2023-12-15 12:58:00-05:00,197.2830047607422
2023-12-15 12:59:00-05:00,197.22999572753906
2023-12-15 13:00:00-05:00,197.16119384765625
2023-12-15 13:01:00-05:00,197.22500610351562
2023-12-15 13:02:00-05:00,197.26499938964844
2023-12-15 13:03:00-05:00,197.27499389648438
2023-12-15 13:04:00-05:00,197.3800048828125
2023-12-15 13:05:00-05:00,197.31500244140625
2023-12-15 13:06:00-05:00,197.4499969482422
2023-12-15 13:07:00-05:00,197.36000061035156
2023-12-15 13:08:00-05:00,197.389892578125
2023-12-15 13:09:00-05:00,197.3000030517578
2023-12-15 13:10:00-05:00,197.28500366210938
2023-12-15 13:11:00-05:00,197.25
2023-12-15 13:12:00-05:00,197.25999450683594
2023-12-15 13:13:00-05:00,197.34500122070312
2023-12-15 13:14:00-05:00,197.30499267578125
2023-12-15 13:15:00-05:00,197.33999633789062
2023-12-15 13:16:00-05:00,197.25999450683594
2023-12-15 13:17:00-05:00,197.2949981689453
2023-12-15 13:18:00-05:00,197.31500244140625
2023-12-15 13:19:00-05:00,197.26600646972656
2023-12-15 13:20:00-05:00,197.23500061035156
2023-12-15 13:21:00-05:00,197.21730041503906
2023-12-15 13:22:00-05:00,197.22999572753906
2023-12-15 13:23:00-05:00,197.22000122070312
2023-12-15 13:24:00-05:00,197.19000244140625
2023-12-15 13:25:00-05:00,197.23500061035156
2023-12-15 13:26:00-05:00,197.18499755859375
2023-12-15 13:27:00-05:00,197.3300018310547
2023-12-15 13:28:00-05:00,197.27169799804688
2023-12-15 13:29:00-05:00,197.29989624023438
2023-12-15 13:30:00-05:00,197.3800048828125
2023-12-15 13:31:00-05:00,197.41000366210938
2023-12-15 13:32:00-05:00,197.36000061035156
2023-12-15 13:33:00-05:00,197.42999267578125
2023-12-15 13:34:00-05:00,197.44000244140625
2023-12-15 13:35:00-05:00,197.49000549316406
2023-12-15 13:36:00-05:00,197.4550018310547
2023-12-15 13:37:00-05:00,197.3699951171875
2023-12-15 13:38:00-05:00,197.38999938964844
2023-12-15 13:39:00-05:00,197.4149932861328
2023-12-15 13:40:00-05:00,197.39500427246094
2023-12-15 13:41:00-05:00,197.35020446777344
2023-12-15 13:42:00-05:00,197.0800018310547
2023-12-15 13:43:00-05:00,197.18850708007812
2023-12-15 13:44:00-05:00,197.22999572753906
2023-12-15 13:45:00-05:00,197.25999450683594
2023-12-15 13:46:00-05:00,197.41000366210938
2023-12-15 13:47:00-05:00,197.38499450683594
2023-12-15 13:48:00-05:00,197.52999877929688
2023-12-15 13:49:00-05:00,197.48500061035156
2023-12-15 13:50:00-05:00,197.55999755859375
2023-12-15 13:51:00-05:00,197.52000427246094
2023-12-15 13:52:00-05:00,197.6199951171875
2023-12-15 13:53:00-05:00,197.57000732421875
2023-12-15 13:54:00-05:00,197.55999755859375
2023-12-15 13:55:00-05:00,197.4600067138672
2023-12-15 13:56:00-05:00,197.36000061035156
2023-12-15 13:57:00-05:00,197.44000244140625
2023-12-15 13:58:00-05:00,197.44900512695312
2023-12-15 13:59:00-05:00,197.55999755859375
2023-12-15 14:00:00-05:00,197.56500244140625
2023-12-15 14:01:00-05:00,197.46749877929688
2023-12-15 14:02:00-05:00,197.41000366210938
2023-12-15 14:03:00-05:00,197.5
2023-12-15 14:04:00-05:00,197.62010192871094
2023-12-15 14:05:00-05:00,197.5970001220703
2023-12-15 14:06:00-05:00,197.48500061035156
2023-12-15 14:07:00-05:00,197.52000427246094
2023-12-15 14:08:00-05:00,197.55999755859375
2023-12-15 14:09:00-05:00,197.56500244140625
2023-12-15 14:10:00-05:00,197.5399932861328
2023-12-15 14:11:00-05:00,197.55499267578125
2023-12-15 14:12:00-05:00,197.55990600585938
2023-12-15 14:13:00-05:00,197.6199951171875
2023-12-15 14:14:00-05:00,197.60000610351562
2023-12-15 14:15:00-05:00,197.49000549316406
2023-12-15 14:16:00-05:00,197.58999633789062
2023-12-15 14:17:00-05:00,197.6300048828125
2023-12-15 14:18:00-05:00,197.5800018310547
2023-12-15 14:19:00-05:00,197.5050048828125
2023-12-15 14:20:00-05:00,197.50999450683594
2023-12-15 14:21:00-05:00,197.3800048828125
2023-12-15 14:22:00-05:00,197.38999938964844
2023-12-15 14:23:00-05:00,197.3800048828125
2023-12-15 14:24:00-05:00,197.38499450683594
2023-12-15 14:25:00-05:00,197.38099670410156
2023-12-15 14:26:00-05:00,197.375
2023-12-15 14:27:00-05:00,197.35000610351562
2023-12-15 14:28:00-05:00,197.36000061035156
2023-12-15 14:29:00-05:00,197.33999633789062
2023-12-15 14:30:00-05:00,197.2908935546875
2023-12-15 14:31:00-05:00,197.39500427246094
2023-12-15 14:32:00-05:00,197.47000122070312
2023-12-15 14:33:00-05:00,197.42999267578125
2023-12-15 14:34:00-05:00,197.4752960205078
2023-12-15 14:35:00-05:00,197.47000122070312
2023-12-15 14:36:00-05:00,197.52000427246094
2023-12-15 14:37:00-05:00,197.55999755859375
2023-12-15 14:38:00-05:00,197.56500244140625
2023-12-15 14:39:00-05:00,197.55999755859375
2023-12-15 14:40:00-05:00,197.52999877929688
2023-12-15 14:41:00-05:00,197.52000427246094
2023-12-15 14:42:00-05:00,197.57020568847656
2023-12-15 14:43:00-05:00,197.53500366210938
2023-12-15 14:44:00-05:00,197.5511016845703
2023-12-15 14:45:00-05:00,197.56500244140625
2023-12-15 14:46:00-05:00,197.59500122070312
2023-12-15 14:47:00-05:00,197.57000732421875
2023-12-15 14:48:00-05:00,197.49000549316406
2023-12-15 14:49:00-05:00,197.57000732421875
2023-12-15 14:50:00-05:00,197.50999450683594
2023-12-15 14:51:00-05:00,197.47000122070312
2023-12-15 14:52:00-05:00,197.48500061035156
2023-12-15 14:53:00-05:00,197.5
2023-12-15 14:54:00-05:00,197.45989990234375
2023-12-15 14:55:00-05:00,197.4199981689453
2023-12-15 14:56:00-05:00,197.4499969482422
2023-12-15 14:57:00-05:00,197.51499938964844
2023-12-15 14:58:00-05:00,197.375
2023-12-15 14:59:00-05:00,197.41000366210938
2023-12-15 15:00:00-05:00,197.47500610351562
2023-12-15 15:01:00-05:00,197.5800018310547
2023-12-15 15:02:00-05:00,197.63499450683594
2023-12-15 15:03:00-05:00,197.6999969482422
2023-12-15 15:04:00-05:00,197.6999969482422
2023-12-15 15:05:00-05:00,197.6750030517578
2023-12-15 15:06:00-05:00,197.6300048828125
2023-12-15 15:07:00-05:00,197.59500122070312
2023-12-15 15:08:00-05:00,197.64999389648438
2023-12-15 15:09:00-05:00,197.58169555664062
2023-12-15 15:10:00-05:00,197.5500030517578
2023-12-15 15:11:00-05:00,197.53500366210938
2023-12-15 15:12:00-05:00,197.66000366210938
2023-12-15 15:13:00-05:00,197.5749969482422
2023-12-15 15:14:00-05:00,197.66000366210938
2023-12-15 15:15:00-05:00,197.735595703125
2023-12-15 15:16:00-05:00,197.77499389648438
2023-12-15 15:17:00-05:00,197.8300018310547
2023-12-15 15:18:00-05:00,197.85960388183594
2023-12-15 15:19:00-05:00,197.83999633789062
2023-12-15 15:20:00-05:00,197.88999938964844
2023-12-15 15:21:00-05:00,197.89999389648438
2023-12-15 15:22:00-05:00,197.88499450683594
2023-12-15 15:23:00-05:00,197.88999938964844
2023-12-15 15:24:00-05:00,197.875
2023-12-15 15:25:00-05:00,197.89999389648438
2023-12-15 15:26:00-05:00,198.0050048828125
2023-12-15 15:27:00-05:00,198.0355987548828
2023-12-15 15:28:00-05:00,198.05499267578125
2023-12-15 15:29:00-05:00,198.03500366210938
2023-12-15 15:30:00-05:00,197.99400329589844
2023-12-15 15:31:00-05:00,197.99000549316406
2023-12-15 15:32:00-05:00,197.9600067138672
2023-12-15 15:33:00-05:00,198.00990295410156
2023-12-15 15:34:00-05:00,197.92999267578125
2023-12-15 15:35:00-05:00,198.00999450683594
2023-12-15 15:36:00-05:00,198.02999877929688
2023-12-15 15:37:00-05:00,197.98500061035156
2023-12-15 15:38:00-05:00,198.05499267578125
2023-12-15 15:39:00-05:00,198.07000732421875
2023-12-15 15:40:00-05:00,198.05499267578125
2023-12-15 15:41:00-05:00,198.0500030517578
2023-12-15 15:42:00-05:00,198.06500244140625
2023-12-15 15:43:00-05:00,198.02000427246094
2023-12-15 15:44:00-05:00,198.05499267578125
2023-12-15 15:45:00-05:00,198.02999877929688
2023-12-15 15:46:00-05:00,198.0800018310547
2023-12-15 15:47:00-05:00,198.18829345703125
2023-12-15 15:48:00-05:00,198.0800018310547
2023-12-15 15:49:00-05:00,198.08999633789062
2023-12-15 15:50:00-05:00,198.05999755859375
2023-12-15 15:51:00-05:00,197.57000732421875
2023-12-15 15:52:00-05:00,197.59500122070312
2023-12-15 15:53:00-05:00,197.89999389648438
2023-12-15 15:54:00-05:00,197.8000030517578
2023-12-15 15:55:00-05:00,197.8300018310547
2023-12-15 15:56:00-05:00,197.6999969482422
2023-12-15 15:57:00-05:00,197.7469940185547
2023-12-15 15:58:00-05:00,197.69500732421875
2023-12-15 15:59:00-05:00,197.72999572753906
